Dates,NIFTY200_MOMENTUM30,NIFTY_100,NIFTY_SMALLCAP_250
2012-12-31,3877,6863,2992
2013-01-01,3905,6921,3031
2013-01-02,3926,6970,3056
2013-01-03,3919,6991,3078
2013-01-04,3911,6997,3093
2013-01-07,3892,6971,3103
2013-01-08,3899,6984,3096
2013-01-09,3883,6952,3086
2013-01-10,3871,6947,3076
2013-01-11,3826,6916,3033
2013-01-14,3833,7004,3061
2013-01-15,3847,7039,3067
2013-01-16,3810,6970,3023
2013-01-17,3817,7008,3023
2013-01-18,3807,7029,3019
2013-01-21,3800,7049,3021
2013-01-22,3790,7005,2991
2013-01-23,3787,7007,2958
2013-01-24,3753,6954,2884
2013-01-25,3794,7025,2922
2013-01-28,3802,7027,2926
2013-01-29,3775,6994,2904
2013-01-30,3791,6998,2903
2013-01-31,3799,6986,2908
2013-02-01,3788,6954,2903
2013-02-04,3786,6938,2872
2013-02-05,3797,6904,2854
2013-02-06,3816,6911,2858
2013-02-07,3805,6883,2824
2013-02-08,3767,6841,2796
2013-02-11,3780,6835,2793
2013-02-12,3801,6862,2781
2013-02-13,3792,6865,2771
2013-02-14,3788,6815,2729
2013-02-15,3791,6809,2717
2013-02-18,3786,6825,2731
2013-02-19,3823,6876,2762
2013-02-20,3826,6877,2768
2013-02-21,3775,6767,2724
2013-02-22,3776,6768,2726
2013-02-25,3777,6767,2696
2013-02-26,3733,6663,2640
2013-02-27,3728,6709,2656
2013-02-28,3682,6584,2599
2013-03-01,3713,6620,2597
2013-03-04,3690,6590,2552
2013-03-05,3753,6689,2592
2013-03-06,3756,6728,2629
2013-03-07,3774,6776,2642
2013-03-08,3812,6868,2666
2013-03-11,3813,6866,2677
2013-03-12,3817,6829,2665
2013-03-13,3786,6751,2633
2013-03-14,3819,6818,2634
2013-03-15,3815,6777,2610
2013-03-18,3807,6741,2600
2013-03-19,3758,6633,2558
2013-03-20,3733,6563,2507
2013-03-21,3703,6522,2474
2013-03-22,3702,6516,2461
2013-03-25,3694,6493,2454
2013-03-26,3703,6502,2461
2013-03-28,3724,6558,2497
2013-04-01,3738,6589,2543
2013-04-02,3755,6646,2592
2013-04-03,3701,6560,2577
2013-04-04,3628,6448,2521
2013-04-05,3610,6427,2515
2013-04-08,3600,6420,2517
2013-04-09,3589,6365,2493
2013-04-10,3632,6437,2504
2013-04-11,3674,6474,2515
2013-04-12,3689,6416,2508
2013-04-15,3694,6453,2522
2013-04-16,3762,6585,2542
2013-04-17,3793,6588,2547
2013-04-18,3847,6694,2566
2013-04-22,3870,6760,2591
2013-04-23,3874,6758,2595
2013-04-25,3923,6843,2596
2013-04-26,3907,6795,2574
2013-04-29,3937,6838,2588
2013-04-30,3977,6873,2593
2013-05-02,4024,6957,2608
2013-05-03,3999,6900,2598
2013-05-06,4017,6934,2632
2013-05-07,4069,7016,2651
2013-05-08,4079,7039,2672
2013-05-09,4053,7017,2660
2013-05-10,4088,7073,2660
2013-05-13,4037,6948,2626
2013-05-14,4048,6966,2620
2013-05-15,4140,7135,2661
2013-05-16,4150,7165,2667
2013-05-17,4152,7190,2676
2013-05-20,4127,7148,2668
2013-05-21,4088,7099,2646
2013-05-22,4100,7074,2619
2013-05-23,4050,6930,2562
2013-05-24,4065,6955,2575
2013-05-27,4125,7066,2603
2013-05-28,4117,7098,2613
2013-05-29,4124,7085,2599
2013-05-30,4157,7113,2594
2013-05-31,4075,6975,2546
2013-06-03,4057,6934,2548
2013-06-04,4060,6922,2555
2013-06-05,4060,6928,2559
2013-06-06,4067,6923,2568
2013-06-07,4032,6871,2559
2013-06-10,4016,6854,2534
2013-06-11,3958,6746,2485
2013-06-12,3938,6703,2468
2013-06-13,3878,6632,2429
2013-06-14,3944,6755,2456
2013-06-17,4000,6808,2462
2013-06-18,3991,6777,2465
2013-06-19,4003,6792,2480
2013-06-20,3906,6602,2431
2013-06-21,3902,6602,2402
2013-06-24,3825,6502,2349
2013-06-25,3846,6519,2337
2013-06-26,3823,6497,2318
2013-06-27,3889,6602,2327
2013-06-28,3967,6782,2375
2013-07-01,4031,6868,2420
2013-07-02,4001,6820,2416
2013-07-03,3978,6717,2366
2013-07-04,4029,6791,2378
2013-07-05,4039,6824,2384
2013-07-08,4035,6768,2379
2013-07-09,4095,6829,2400
2013-07-10,4082,6785,2400
2013-07-11,4139,6910,2422
2013-07-12,4165,6990,2423
2013-07-15,4202,7022,2440
2013-07-16,4140,6934,2412
2013-07-17,4115,6945,2402
2013-07-18,4164,7028,2422
2013-07-19,4147,7012,2410
2013-07-22,4172,7012,2402
2013-07-23,4196,7063,2404
2013-07-24,4130,6957,2364
2013-07-25,4114,6868,2344
2013-07-26,4100,6838,2325
2013-07-29,4075,6772,2293
2013-07-30,4017,6677,2241
2013-07-31,4006,6666,2213
2013-08-01,3991,6636,2186
2013-08-02,3949,6574,2162
2013-08-05,3955,6588,2175
2013-08-06,3838,6424,2126
2013-08-07,3789,6414,2158
2013-08-08,3813,6467,2185
2013-08-12,3873,6525,2221
2013-08-13,3965,6634,2248
2013-08-14,4004,6685,2256
2013-08-16,3852,6413,2195
2013-08-19,3758,6298,2171
2013-08-20,3717,6275,2174
2013-08-21,3662,6164,2155
2013-08-22,3703,6279,2169
2013-08-23,3758,6355,2195
2013-08-26,3774,6364,2204
2013-08-27,3638,6147,2159
2013-08-28,3619,6134,2136
2013-08-29,3709,6273,2159
2013-08-30,3769,6345,2163
2013-09-02,3810,6437,2190
2013-09-03,3684,6203,2162
2013-09-04,3764,6323,2177
2013-09-05,3866,6488,2216
2013-09-06,3899,6583,2228
2013-09-10,4045,6823,2253
2013-09-11,4078,6851,2284
2013-09-12,4028,6775,2278
2013-09-13,4033,6779,2292
2013-09-16,4024,6768,2272
2013-09-17,4031,6774,2271
2013-09-18,4066,6829,2275
2013-09-19,4209,7079,2309
2013-09-20,4160,6971,2277
2013-09-23,4089,6836,2268
2013-09-24,4099,6840,2268
2013-09-25,4095,6826,2269
2013-09-26,4097,6834,2276
2013-09-27,4096,6788,2279
2013-09-30,4063,6678,2267
2013-10-01,4070,6729,2278
2013-10-03,4152,6875,2305
2013-10-04,4143,6877,2316
2013-10-07,4170,6882,2329
2013-10-08,4178,6903,2344
2013-10-09,4229,6993,2367
2013-10-10,4255,7014,2389
2013-10-11,4286,7090,2403
2013-10-14,4302,7109,2423
2013-10-15,4292,7076,2391
2013-10-17,4230,7030,2395
2013-10-18,4297,7188,2413
2013-10-21,4318,7220,2441
2013-10-22,4331,7223,2468
2013-10-23,4306,7198,2457
2013-10-24,4268,7181,2460
2013-10-25,4257,7154,2445
2013-10-28,4200,7098,2433
2013-10-29,4261,7234,2456
2013-10-30,4294,7271,2470
2013-10-31,4298,7330,2492
2013-11-01,4303,7346,2521
2013-11-05,4267,7294,2576
2013-11-06,4266,7252,2588
2013-11-07,4256,7207,2556
2013-11-08,4265,7163,2551
2013-11-11,4236,7094,2519
2013-11-12,4204,7028,2498
2013-11-13,4196,6995,2484
2013-11-14,4225,7082,2518
2013-11-18,4275,7231,2545
2013-11-19,4278,7245,2556
2013-11-20,4220,7154,2563
2013-11-21,4146,7012,2533
2013-11-22,4140,7012,2539
2013-11-25,4194,7147,2568
2013-11-26,4193,7088,2550
2013-11-27,4193,7086,2554
2013-11-28,4203,7127,2580
2013-11-29,4240,7224,2609
2013-12-02,4279,7273,2639
2013-12-03,4254,7254,2645
2013-12-04,4235,7205,2639
2013-12-05,4218,7293,2644
2013-12-06,4237,7314,2651
2013-12-09,4275,7429,2660
2013-12-10,4309,7393,2640
2013-12-11,4290,7361,2643
2013-12-12,4244,7282,2638
2013-12-13,4227,7200,2608
2013-12-16,4242,7198,2617
2013-12-17,4253,7185,2616
2013-12-18,4300,7279,2651
2013-12-19,4328,7229,2648
2013-12-20,4379,7352,2696
2013-12-23,4370,7369,2731
2013-12-24,4356,7355,2753
2013-12-26,4348,7368,2783
2013-12-27,4381,7412,2786
2013-12-30,4368,7387,2785
2013-12-31,4377,7405,2799
2014-01-01,4386,7407,2837
2014-01-02,4335,7303,2774
2014-01-03,4373,7299,2796
2014-01-06,4375,7282,2825
2014-01-07,4360,7241,2826
2014-01-08,4375,7256,2839
2014-01-09,4381,7241,2819
2014-01-10,4410,7241,2800
2014-01-13,4442,7340,2804
2014-01-14,4435,7310,2801
2014-01-15,4465,7393,2806
2014-01-16,4449,7380,2796
2014-01-17,4400,7309,2743
2014-01-20,4476,7364,2768
2014-01-21,4471,7375,2785
2014-01-22,4497,7403,2796
2014-01-23,4482,7408,2785
2014-01-24,4425,7311,2734
2014-01-27,4349,7149,2662
2014-01-28,4330,7138,2672
2014-01-29,4341,7138,2669
2014-01-30,4307,7072,2631
2014-01-31,4342,7113,2673
2014-02-03,4318,7015,2657
2014-02-04,4316,7018,2669
2014-02-05,4337,7046,2689
2014-02-06,4348,7064,2683
2014-02-07,4353,7093,2695
2014-02-10,4331,7078,2693
2014-02-11,4346,7088,2703
2014-02-12,4347,7108,2710
2014-02-13,4294,7011,2681
2014-02-14,4317,7059,2682
2014-02-17,4322,7086,2680
2014-02-18,4341,7149,2712
2014-02-19,4363,7179,2735
2014-02-20,4337,7116,2732
2014-02-21,4368,7187,2755
2014-02-24,4381,7217,2765
2014-02-25,4402,7233,2775
2014-02-26,4420,7270,2779
2014-02-28,4479,7321,2791
2014-03-03,4431,7268,2791
2014-03-04,4454,7355,2829
2014-03-05,4462,7392,2845
2014-03-06,4484,7477,2885
2014-03-07,4460,7613,2876
2014-03-10,4435,7630,2885
2014-03-11,4422,7596,2888
2014-03-12,4448,7602,2887
2014-03-13,4404,7571,2863
2014-03-14,4400,7583,2855
2014-03-18,4407,7613,2889
2014-03-19,4415,7626,2902
2014-03-20,4430,7576,2904
2014-03-21,4447,7593,2935
2014-03-24,4475,7693,2951
2014-03-25,4472,7705,2964
2014-03-26,4446,7718,2971
2014-03-27,4457,7766,2994
2014-03-28,4505,7844,3038
2014-03-31,4521,7866,3068
2014-04-01,4557,7879,3075
2014-04-02,4613,7925,3127
2014-04-03,4621,7900,3118
2014-04-04,4602,7858,3138
2014-04-07,4598,7860,3141
2014-04-09,4644,7980,3206
2014-04-10,4673,7994,3228
2014-04-11,4682,7968,3248
2014-04-15,4677,7905,3235
2014-04-16,4628,7838,3189
2014-04-17,4704,7958,3238
2014-04-21,4734,8009,3284
2014-04-22,4716,8009,3286
2014-04-23,4713,8034,3295
2014-04-25,4712,7980,3285
2014-04-28,4746,7960,3293
2014-04-29,4700,7902,3287
2014-04-30,4661,7869,3237
2014-05-02,4700,7873,3255
2014-05-05,4674,7877,3247
2014-05-06,4684,7896,3262
2014-05-07,4654,7825,3258
2014-05-08,4659,7831,3278
2014-05-09,4703,8057,3315
2014-05-12,4754,8227,3337
2014-05-13,4821,8347,3403
2014-05-14,4837,8368,3435
2014-05-15,4793,8376,3404
2014-05-16,4809,8489,3455
2014-05-19,4811,8600,3665
2014-05-20,4843,8615,3768
2014-05-21,4843,8593,3829
2014-05-22,4836,8637,3943
2014-05-23,4880,8751,4024
2014-05-26,4856,8720,3924
2014-05-27,4863,8662,3895
2014-05-28,4881,8680,3935
2014-05-29,4826,8577,3918
2014-05-30,4885,8575,3932
2014-06-02,4906,8730,4023
2014-06-03,4922,8804,4075
2014-06-04,4944,8801,4161
2014-06-05,5024,8903,4217
2014-06-06,5072,9042,4279
2014-06-09,5134,9124,4379
2014-06-10,5186,9119,4370
2014-06-11,5173,9071,4336
2014-06-12,5206,9096,4344
2014-06-13,5130,8950,4216
2014-06-16,5153,8944,4233
2014-06-17,5212,9063,4320
2014-06-18,5184,8978,4304
2014-06-19,5182,8951,4291
2014-06-20,5142,8917,4258
2014-06-23,5169,8904,4278
2014-06-24,5204,9009,4353
2014-06-25,5216,8998,4368
2014-06-26,5217,8914,4354
2014-06-27,5298,8936,4367
2014-06-30,5384,9067,4450
2014-07-01,5397,9100,4488
2014-07-02,5469,9220,4542
2014-07-03,5511,9209,4522
2014-07-04,5532,9256,4558
2014-07-07,5571,9293,4567
2014-07-08,5380,9069,4383
2014-07-09,5275,9016,4302
2014-07-10,5256,9007,4342
2014-07-11,5211,8859,4211
2014-07-14,5204,8863,4190
2014-07-15,5292,8966,4280
2014-07-16,5359,9079,4364
2014-07-17,5430,9113,4431
2014-07-18,5433,9131,4433
2014-07-21,5428,9152,4465
2014-07-22,5460,9243,4461
2014-07-23,5473,9267,4435
2014-07-24,5481,9305,4436
2014-07-25,5414,9246,4357
2014-07-28,5405,9209,4329
2014-07-30,5440,9264,4331
2014-07-31,5432,9191,4340
2014-08-01,5358,9062,4295
2014-08-04,5449,9161,4342
2014-08-05,5480,9231,4391
2014-08-06,5453,9149,4375
2014-08-07,5432,9124,4353
2014-08-08,5373,9019,4254
2014-08-11,5427,9090,4279
2014-08-12,5469,9204,4303
2014-08-13,5468,9209,4205
2014-08-14,5542,9277,4258
2014-08-18,5625,9383,4360
2014-08-19,5655,9422,4418
2014-08-20,5696,9402,4430
2014-08-21,5716,9430,4437
2014-08-22,5761,9454,4439
2014-08-25,5755,9431,4411
2014-08-26,5781,9429,4384
2014-08-27,5802,9465,4417
2014-08-28,5792,9479,4414
2014-09-01,5865,9585,4478
2014-09-02,5899,9651,4528
2014-09-03,5977,9694,4558
2014-09-04,6021,9673,4539
2014-09-05,6056,9666,4566
2014-09-08,6149,9773,4639
2014-09-09,6149,9759,4664
2014-09-10,6144,9684,4686
2014-09-11,6130,9683,4753
2014-09-12,6122,9706,4777
2014-09-15,6109,9637,4789
2014-09-16,5933,9482,4605
2014-09-17,6014,9534,4610
2014-09-18,6135,9706,4728
2014-09-19,6051,9702,4770
2014-09-22,6051,9729,4791
2014-09-23,5914,9567,4677
2014-09-24,5857,9546,4595
2014-09-25,5766,9430,4440
2014-09-26,5895,9510,4464
2014-09-29,5945,9508,4548
2014-09-30,5955,9514,4560
2014-10-01,5934,9489,4538
2014-10-07,5861,9374,4492
2014-10-08,5880,9364,4482
2014-10-09,5963,9511,4562
2014-10-10,5841,9383,4505
2014-10-13,5865,9414,4533
2014-10-14,5850,9398,4535
2014-10-16,5713,9245,4397
2014-10-17,5792,9294,4403
2014-10-20,5940,9418,4438
2014-10-21,5978,9479,4462
2014-10-22,6052,9563,4517
2014-10-23,6070,9590,4567
2014-10-27,6064,9559,4539
2014-10-28,6090,9600,4554
2014-10-29,6127,9672,4592
2014-10-30,6176,9763,4621
2014-10-31,6304,9943,4683
2014-11-03,6337,9955,4743
2014-11-05,6363,9965,4750
2014-11-07,6394,9974,4748
2014-11-10,6425,9984,4747
2014-11-11,6486,10011,4782
2014-11-12,6542,10049,4792
2014-11-13,6507,10018,4779
2014-11-14,6564,10059,4805
2014-11-17,6564,10112,4867
2014-11-18,6620,10123,4891
2014-11-19,6550,10066,4851
2014-11-20,6529,10092,4834
2014-11-21,6551,10169,4813
2014-11-24,6570,10227,4805
2014-11-25,6454,10136,4705
2014-11-26,6454,10148,4741
2014-11-27,6489,10175,4753
2014-11-28,6609,10286,4770
2014-12-01,6606,10253,4731
2014-12-02,6622,10230,4766
2014-12-03,6718,10265,4839
2014-12-04,6709,10296,4866
2014-12-05,6664,10258,4865
2014-12-08,6581,10138,4817
2014-12-09,6460,10013,4741
2014-12-10,6483,10045,4799
2014-12-11,6419,9968,4766
2014-12-12,6385,9879,4691
2014-12-15,6349,9869,4676
2014-12-16,6229,9675,4513
2014-12-17,6162,9632,4470
2014-12-18,6367,9813,4607
2014-12-19,6395,9883,4635
2014-12-22,6450,9997,4674
2014-12-23,6387,9927,4658
2014-12-24,6354,9830,4669
2014-12-26,6391,9864,4676
2014-12-29,6472,9924,4702
2014-12-30,6523,9940,4732
2014-12-31,6546,9987,4805
2015-01-01,6563,9993,4863
2015-01-02,6594,10119,4895
2015-01-05,6627,10099,4917
2015-01-06,6440,9799,4761
2015-01-07,6457,9773,4768
2015-01-08,6605,9937,4859
2015-01-09,6591,9985,4855
2015-01-12,6657,10031,4896
2015-01-13,6635,10005,4903
2015-01-14,6602,9983,4884
2015-01-15,6718,10223,4953
2015-01-16,6771,10254,4969
2015-01-19,6812,10298,5001
2015-01-20,6865,10448,5031
2015-01-21,6888,10487,5011
2015-01-22,6927,10523,5031
2015-01-23,6996,10616,5003
2015-01-27,7070,10700,5027
2015-01-28,7081,10715,5019
2015-01-29,7148,10752,5026
2015-01-30,7147,10597,5019
2015-02-02,7178,10601,5076
2015-02-03,7066,10544,5071
2015-02-04,7018,10500,5049
2015-02-05,6941,10469,4996
2015-02-06,6843,10408,4919
2015-02-09,6689,10243,4856
2015-02-10,6757,10300,4860
2015-02-11,6955,10391,4936
2015-02-12,7060,10501,5010
2015-02-13,7116,10604,5032
2015-02-16,7027,10600,5037
2015-02-18,7084,10671,5084
2015-02-19,7133,10696,5096
2015-02-20,7117,10638,5100
2015-02-23,7023,10545,5054
2015-02-24,7044,10551,5034
2015-02-25,7007,10553,5021
2015-02-26,6928,10451,4994
2015-02-27,7109,10650,5078
2015-03-02,7370,10786,5127
2015-03-03,7386,10844,5204
2015-03-04,7292,10750,5139
2015-03-05,7370,10775,5171
2015-03-09,7249,10570,5103
2015-03-10,7270,10527,5098
2015-03-11,7245,10511,5088
2015-03-12,7341,10618,5159
2015-03-13,7195,10463,5097
2015-03-16,7210,10436,5061
2015-03-17,7298,10553,5082
2015-03-18,7316,10518,5102
2015-03-19,7263,10460,5057
2015-03-20,7139,10376,4951
2015-03-23,7122,10341,4895
2015-03-24,7131,10329,4881
2015-03-25,7138,10318,4846
2015-03-26,7045,10106,4795
2015-03-27,7078,10106,4801
2015-03-30,7226,10284,4944
2015-03-31,7241,10286,4994
2015-04-01,7349,10399,5105
2015-04-06,7414,10490,5185
2015-04-07,7414,10507,5239
2015-04-08,7440,10575,5315
2015-04-09,7496,10643,5330
2015-04-10,7489,10656,5350
2015-04-13,7508,10724,5371
2015-04-15,7428,10624,5345
2015-04-16,7363,10569,5282
2015-04-17,7149,10441,5224
2015-04-20,7010,10247,5106
2015-04-21,6945,10164,5099
2015-04-22,6980,10219,5095
2015-04-23,7019,10191,5091
2015-04-24,6889,10073,4942
2015-04-27,6754,9951,4785
2015-04-28,6895,10050,4877
2015-04-29,6924,10006,4914
2015-04-30,6978,9949,4907
2015-05-04,7095,10130,5006
2015-05-05,7136,10135,5019
2015-05-06,6845,9849,4852
2015-05-07,6698,9768,4758
2015-05-08,6896,9942,4844
2015-05-11,7027,10113,4903
2015-05-12,6875,9880,4795
2015-05-13,6992,10024,4844
2015-05-14,7051,10033,4880
2015-05-15,7093,10077,4897
2015-05-18,7166,10211,4947
2015-05-19,7145,10202,4970
2015-05-20,7163,10263,4966
2015-05-21,7176,10256,4952
2015-05-22,7182,10297,4964
2015-05-25,7172,10205,4949
2015-05-26,7190,10172,4929
2015-05-27,7204,10156,4919
2015-05-28,7140,10131,4917
2015-05-29,7310,10272,4994
2015-06-01,7311,10267,4988
2015-06-02,7107,10032,4890
2015-06-03,7040,9916,4751
2015-06-04,7033,9921,4750
2015-06-05,7009,9912,4771
2015-06-08,6922,9818,4704
2015-06-09,6848,9793,4672
2015-06-10,6947,9913,4720
2015-06-11,6772,9726,4647
2015-06-12,6809,9747,4637
2015-06-15,6798,9788,4663
2015-06-16,6855,9833,4678
2015-06-17,6966,9903,4731
2015-06-18,7048,9996,4793
2015-06-19,7110,10058,4798
2015-06-22,7225,10215,4876
2015-06-23,7259,10246,4896
2015-06-24,7245,10217,4867
2015-06-25,7279,10264,4874
2015-06-26,7281,10244,4891
2015-06-29,7186,10161,4811
2015-06-30,7276,10232,4874
2015-07-01,7389,10339,4945
2015-07-02,7458,10352,4979
2015-07-03,7437,10391,4982
2015-07-06,7504,10442,5056
2015-07-07,7503,10437,5093
2015-07-08,7382,10267,5018
2015-07-09,7380,10233,5026
2015-07-10,7406,10266,5056
2015-07-13,7543,10388,5118
2015-07-14,7562,10386,5152
2015-07-15,7586,10463,5178
2015-07-16,7711,10572,5209
2015-07-17,7717,10584,5231
2015-07-20,7764,10580,5259
2015-07-21,7624,10477,5161
2015-07-22,7747,10603,5222
2015-07-23,7716,10562,5261
2015-07-24,7672,10479,5230
2015-07-27,7578,10292,5155
2015-07-28,7601,10263,5151
2015-07-29,7664,10310,5213
2015-07-30,7683,10372,5281
2015-07-31,7785,10507,5323
2015-08-03,7816,10532,5368
2015-08-04,7924,10530,5410
2015-08-05,7996,10599,5450
2015-08-06,8019,10628,5439
2015-08-07,7975,10599,5427
2015-08-10,7977,10559,5408
2015-08-11,7921,10483,5336
2015-08-12,7727,10324,5194
2015-08-13,7757,10326,5120
2015-08-14,7948,10530,5219
2015-08-17,7942,10497,5238
2015-08-18,7978,10494,5298
2015-08-19,8006,10525,5315
2015-08-20,7872,10376,5204
2015-08-21,7769,10288,5164
2015-08-24,7154,9640,4687
2015-08-25,7294,9749,4726
2015-08-26,7246,9645,4759
2015-08-27,7421,9851,4897
2015-08-28,7433,9915,4911
2015-08-31,7423,9874,4915
2015-09-01,7197,9657,4792
2015-09-02,7121,9574,4785
2015-09-03,7231,9702,4863
2015-09-04,7087,9497,4728
2015-09-07,6926,9361,4643
2015-09-08,7032,9501,4678
2015-09-09,7177,9667,4777
2015-09-10,7181,9644,4766
2015-09-11,7213,9645,4798
2015-09-14,7322,9756,4832
2015-09-15,7244,9698,4808
2015-09-16,7227,9759,4790
2015-09-18,7300,9857,4844
2015-09-21,7315,9855,4893
2015-09-22,7193,9662,4832
2015-09-23,7259,9694,4866
2015-09-24,7273,9717,4896
2015-09-28,7267,9629,4892
2015-09-29,7304,9681,4892
2015-09-30,7448,9821,4961
2015-10-01,7491,9834,4962
2015-10-05,7550,10041,5048
2015-10-06,7586,10080,5081
2015-10-07,7567,10105,5096
2015-10-08,7489,10036,5087
2015-10-09,7484,10097,5096
2015-10-12,7472,10049,5106
2015-10-13,7472,10034,5149
2015-10-14,7495,10010,5154
2015-10-15,7524,10088,5167
2015-10-16,7568,10157,5179
2015-10-19,7640,10207,5218
2015-10-20,7644,10194,5230
2015-10-21,7610,10176,5224
2015-10-23,7611,10214,5202
2015-10-26,7537,10172,5157
2015-10-27,7540,10148,5162
2015-10-28,7477,10079,5150
2015-10-29,7443,10008,5121
2015-10-30,7457,9961,5076
2015-11-02,7440,9949,5072
2015-11-03,7445,9968,5099
2015-11-04,7423,9948,5083
2015-11-05,7322,9840,4992
2015-11-06,7219,9833,4951
2015-11-09,7242,9802,4999
2015-11-10,7113,9637,4948
2015-11-11,7171,9697,5026
2015-11-13,7057,9612,4993
2015-11-16,7069,9649,5036
2015-11-17,7107,9691,5061
2015-11-18,7063,9574,5021
2015-11-19,7153,9706,5078
2015-11-20,7225,9732,5106
2015-11-23,7266,9728,5128
2015-11-24,7240,9712,5157
2015-11-26,7158,9767,5180
2015-11-27,7200,9833,5192
2015-11-30,7194,9820,5228
2015-12-01,7236,9857,5248
2015-12-02,7256,9834,5253
2015-12-03,7207,9753,5233
2015-12-04,7138,9655,5175
2015-12-07,7141,9639,5184
2015-12-08,7088,9558,5105
2015-12-09,6931,9436,4983
2015-12-10,7002,9522,5045
2015-12-11,6944,9433,5018
2015-12-14,6963,9482,5048
2015-12-15,7030,9545,5090
2015-12-16,7061,9603,5100
2015-12-17,7149,9724,5189
2015-12-18,7128,9639,5179
2015-12-21,7169,9724,5232
2015-12-22,7153,9670,5232
2015-12-23,7196,9762,5266
2015-12-24,7195,9758,5296
2015-12-28,7255,9829,5310
2015-12-29,7295,9839,5299
2015-12-30,7272,9800,5309
2015-12-31,7256,9862,5347
2016-01-01,7309,9895,5393
2016-01-04,7230,9700,5325
2016-01-05,7246,9702,5363
2016-01-06,7263,9652,5341
2016-01-07,7066,9424,5173
2016-01-08,7107,9474,5244
2016-01-11,7066,9417,5207
2016-01-12,7034,9352,5153
2016-01-13,6996,9401,5038
2016-01-14,6970,9360,4967
2016-01-15,6829,9217,4785
2016-01-18,6627,9088,4573
2016-01-19,6720,9194,4652
2016-01-20,6602,9036,4550
2016-01-21,6534,8985,4575
2016-01-22,6702,9167,4689
2016-01-25,6725,9184,4742
2016-01-27,6741,9187,4760
2016-01-28,6725,9167,4762
2016-01-29,6852,9339,4822
2016-02-01,6885,9337,4843
2016-02-02,6757,9204,4770
2016-02-03,6682,9088,4650
2016-02-04,6627,9131,4606
2016-02-05,6781,9254,4670
2016-02-08,6736,9145,4668
2016-02-09,6624,9020,4609
2016-02-10,6528,8915,4529
2016-02-11,6332,8622,4301
2016-02-12,6264,8627,4239
2016-02-15,6464,8863,4393
2016-02-16,6331,8708,4297
2016-02-17,6397,8777,4295
2016-02-18,6434,8871,4313
2016-02-19,6436,8892,4317
2016-02-22,6479,8927,4338
2016-02-23,6401,8782,4281
2016-02-24,6301,8670,4233
2016-02-25,6224,8613,4203
2016-02-26,6259,8684,4182
2016-02-29,6303,8643,4180
2016-03-01,6512,8932,4335
2016-03-02,6622,9103,4431
2016-03-03,6677,9225,4497
2016-03-04,6747,9247,4527
2016-03-08,6757,9249,4550
2016-03-09,6829,9301,4570
2016-03-10,6832,9248,4565
2016-03-11,6845,9277,4561
2016-03-14,6869,9319,4585
2016-03-15,6748,9224,4559
2016-03-16,6726,9260,4554
2016-03-17,6714,9291,4571
2016-03-18,6736,9395,4589
2016-03-21,6825,9522,4645
2016-03-22,6825,9540,4664
2016-03-23,6846,9544,4671
2016-03-28,6765,9416,4597
2016-03-29,6737,9397,4591
2016-03-30,6859,9566,4682
2016-03-31,6924,9577,4697
2016-04-01,6917,9551,4743
2016-04-04,6946,9603,4782
2016-04-05,6873,9418,4698
2016-04-06,6957,9438,4756
2016-04-07,6923,9361,4740
2016-04-08,6965,9377,4778
2016-04-11,7047,9512,4814
2016-04-12,7125,9562,4864
2016-04-13,7178,9727,4917
2016-04-18,7272,9810,4978
2016-04-20,7254,9812,5009
2016-04-21,7186,9809,4987
2016-04-22,7171,9797,4986
2016-04-25,7116,9741,4963
2016-04-26,7194,9864,4986
2016-04-27,7180,9886,5001
2016-04-28,7107,9729,4947
2016-04-29,7131,9738,4947
2016-05-02,7177,9716,4955
2016-05-03,7118,9639,4953
2016-05-04,7063,9573,4887
2016-05-05,7075,9606,4893
2016-05-06,7116,9612,4897
2016-05-09,7189,9763,4958
2016-05-10,7163,9786,4965
2016-05-11,7202,9747,4960
2016-05-12,7243,9816,5008
2016-05-13,7195,9712,4997
2016-05-16,7228,9759,4991
2016-05-17,7235,9792,5008
2016-05-18,7235,9770,5031
2016-05-19,7177,9662,4979
2016-05-20,7107,9617,4922
2016-05-23,7059,9594,4893
2016-05-24,7037,9609,4857
2016-05-25,7115,9820,4898
2016-05-26,7181,9978,4936
2016-05-27,7318,10092,4965
2016-05-30,7313,10136,4989
2016-05-31,7292,10110,4979
2016-06-01,7322,10132,5000
2016-06-02,7373,10183,5012
2016-06-03,7345,10188,4996
2016-06-06,7328,10164,5010
2016-06-07,7340,10239,5054
2016-06-08,7344,10254,5108
2016-06-09,7334,10185,5113
2016-06-10,7296,10142,5116
2016-06-13,7279,10068,5106
2016-06-14,7293,10070,5137
2016-06-15,7310,10183,5185
2016-06-16,7295,10122,5166
2016-06-17,7277,10153,5203
2016-06-20,7310,10233,5213
2016-06-21,7303,10217,5230
2016-06-22,7296,10202,5199
2016-06-23,7315,10275,5190
2016-06-24,7232,10062,5095
2016-06-27,7280,10083,5201
2016-06-28,7356,10130,5231
2016-06-29,7427,10232,5318
2016-06-30,7500,10342,5376
2016-07-01,7546,10408,5417
2016-07-04,7607,10466,5480
2016-07-05,7597,10428,5492
2016-07-07,7569,10430,5498
2016-07-08,7585,10419,5472
2016-07-11,7689,10599,5518
2016-07-12,7723,10668,5527
2016-07-13,7670,10660,5475
2016-07-14,7694,10716,5522
2016-07-15,7714,10702,5481
2016-07-18,7669,10657,5458
2016-07-19,7687,10684,5457
2016-07-20,7743,10736,5511
2016-07-21,7734,10682,5507
2016-07-22,7841,10736,5530
2016-07-25,7930,10856,5581
2016-07-26,7960,10807,5551
2016-07-27,8018,10844,5576
2016-07-28,8098,10909,5613
2016-07-29,8198,10883,5611
2016-08-01,8278,10886,5604
2016-08-02,8187,10860,5553
2016-08-03,8044,10747,5493
2016-08-04,8066,10764,5506
2016-08-05,8200,10938,5590
2016-08-08,8310,10986,5629
2016-08-09,8255,10941,5608
2016-08-10,8118,10804,5537
2016-08-11,8171,10827,5529
2016-08-12,8209,10928,5527
2016-08-16,8229,10905,5527
2016-08-17,8236,10898,5576
2016-08-18,8273,10962,5647
2016-08-19,8301,10959,5679
2016-08-22,8248,10909,5676
2016-08-23,8236,10903,5683
2016-08-24,8293,10937,5722
2016-08-25,8253,10866,5703
2016-08-26,8287,10850,5688
2016-08-29,8321,10889,5699
2016-08-30,8432,11046,5749
2016-08-31,8467,11096,5761
2016-09-01,8427,11080,5722
2016-09-02,8454,11124,5747
2016-09-06,8580,11295,5805
2016-09-07,8546,11274,5841
2016-09-08,8597,11321,5904
2016-09-09,8513,11213,5874
2016-09-12,8265,11002,5709
2016-09-14,8350,11032,5797
2016-09-15,8358,11042,5818
2016-09-16,8350,11086,5828
2016-09-19,8402,11122,5862
2016-09-20,8394,11088,5858
2016-09-21,8387,11088,5867
2016-09-22,8540,11207,5932
2016-09-23,8551,11171,5920
2016-09-26,8537,11050,5885
2016-09-27,8552,11030,5879
2016-09-28,8623,11084,5947
2016-09-29,8313,10857,5675
2016-09-30,8431,10911,5799
2016-10-03,8654,11094,5968
2016-10-04,8707,11140,6006
2016-10-05,8747,11116,6052
2016-10-06,8774,11078,6013
2016-10-07,8736,11061,6021
2016-10-10,8778,11069,6028
2016-10-13,8666,10897,5924
2016-10-14,8722,10915,5969
2016-10-17,8610,10838,5939
2016-10-18,8723,11036,6012
2016-10-19,8728,11022,6040
2016-10-20,8757,11067,6083
2016-10-21,8754,11070,6099
2016-10-24,8715,11083,6132
2016-10-25,8722,11066,6128
2016-10-26,8643,10967,6085
2016-10-27,8517,10947,6038
2016-10-28,8591,10996,6078
2016-11-01,8644,10996,6122
2016-11-02,8483,10844,6007
2016-11-03,8444,10791,5941
2016-11-04,8323,10715,5808
2016-11-07,8425,10794,5887
2016-11-08,8493,10850,5893
2016-11-09,8337,10698,5734
2016-11-10,8534,10826,5836
2016-11-11,8214,10523,5630
2016-11-15,7832,10249,5349
2016-11-16,7880,10265,5364
2016-11-17,7880,10231,5332
2016-11-18,7921,10233,5358
2016-11-21,7677,10037,5165
2016-11-22,7822,10140,5212
2016-11-23,7913,10196,5306
2016-11-24,7901,10124,5307
2016-11-25,8041,10308,5407
2016-11-28,8090,10334,5445
2016-11-29,8119,10352,5483
2016-11-30,8241,10459,5556
2016-12-01,8113,10409,5517
2016-12-02,8004,10274,5446
2016-12-05,8084,10334,5448
2016-12-06,8116,10354,5479
2016-12-07,8127,10309,5448
2016-12-08,8274,10493,5514
2016-12-09,8278,10503,5546
2016-12-12,8113,10385,5499
2016-12-13,8074,10431,5508
2016-12-14,8018,10374,5462
2016-12-15,8014,10341,5478
2016-12-16,7950,10323,5464
2016-12-19,7917,10274,5432
2016-12-20,7844,10237,5382
2016-12-21,7847,10214,5391
2016-12-22,7726,10098,5318
2016-12-23,7752,10097,5311
2016-12-26,7592,9986,5196
2016-12-27,7738,10148,5270
2016-12-28,7738,10158,5307
2016-12-29,7864,10250,5362
2016-12-30,7950,10356,5421
2017-01-02,8030,10364,5503
2017-01-03,8098,10391,5569
2017-01-04,8062,10387,5596
2017-01-05,8245,10503,5649
2017-01-06,8226,10467,5625
2017-01-09,8221,10460,5658
2017-01-10,8283,10533,5706
2017-01-11,8471,10653,5762
2017-01-12,8517,10688,5745
2017-01-13,8461,10682,5752
2017-01-16,8521,10707,5792
2017-01-17,8489,10690,5806
2017-01-18,8595,10721,5838
2017-01-19,8637,10747,5847
2017-01-20,8528,10629,5760
2017-01-23,8686,10690,5796
2017-01-24,8814,10799,5828
2017-01-25,9020,10958,5889
2017-01-27,9042,11008,5930
2017-01-30,9052,11010,5921
2017-01-31,8962,10905,5856
2017-02-01,9180,11108,5967
2017-02-02,9157,11141,6032
2017-02-03,9136,11150,6114
2017-02-06,9224,11235,6177
2017-02-07,9177,11196,6172
2017-02-08,9247,11206,6200
2017-02-09,9249,11222,6211
2017-02-10,9250,11234,6211
2017-02-13,9274,11247,6156
2017-02-14,9206,11215,6111
2017-02-15,9093,11122,6006
2017-02-16,9248,11211,6077
2017-02-17,9307,11271,6118
2017-02-20,9386,11344,6178
2017-02-21,9425,11391,6210
2017-02-22,9346,11399,6178
2017-02-23,9334,11406,6182
2017-02-27,9273,11358,6191
2017-02-28,9284,11349,6242
2017-03-01,9317,11425,6283
2017-03-02,9218,11348,6206
2017-03-03,9279,11345,6229
2017-03-06,9321,11426,6258
2017-03-07,9292,11406,6264
2017-03-08,9259,11376,6233
2017-03-09,9258,11378,6230
2017-03-10,9227,11382,6221
2017-03-14,9403,11581,6299
2017-03-15,9428,11591,6355
2017-03-16,9595,11695,6420
2017-03-17,9568,11701,6406
2017-03-20,9579,11666,6416
2017-03-21,9584,11650,6410
2017-03-22,9481,11535,6351
2017-03-23,9584,11613,6409
2017-03-24,9580,11641,6443
2017-03-27,9529,11567,6436
2017-03-28,9579,11641,6462
2017-03-29,9596,11690,6496
2017-03-30,9641,11731,6542
2017-03-31,9705,11741,6602
2017-04-03,9714,11817,6690
2017-04-05,9804,11866,6773
2017-04-06,9825,11869,6749
2017-04-07,9797,11800,6695
2017-04-10,9871,11795,6743
2017-04-11,9955,11871,6825
2017-04-12,9924,11838,6793
2017-04-13,9828,11778,6807
2017-04-17,9849,11761,6846
2017-04-18,9793,11704,6781
2017-04-19,9848,11715,6845
2017-04-20,9903,11757,6949
2017-04-21,9900,11743,6991
2017-04-24,9984,11866,7054
2017-04-25,10087,11991,7096
2017-04-26,10106,12036,7024
2017-04-27,10124,12016,7028
2017-04-28,10216,11978,7074
2017-05-02,10318,11998,7096
2017-05-03,10243,11995,7112
2017-05-04,10210,12053,7136
2017-05-05,10067,11945,7056
2017-05-08,10119,11984,7120
2017-05-09,10163,12003,7162
2017-05-10,10189,12126,7221
2017-05-11,10187,12145,7212
2017-05-12,10136,12113,7162
2017-05-15,10296,12178,7219
2017-05-16,10300,12249,7276
2017-05-17,10351,12254,7265
2017-05-18,10107,12110,7115
2017-05-19,10071,12097,7056
2017-05-22,9955,12092,6962
2017-05-23,9884,12010,6813
2017-05-24,9809,11955,6691
2017-05-25,10000,12135,6848
2017-05-26,10204,12271,6976
2017-05-29,10107,12264,6857
2017-05-30,10188,12299,6886
2017-05-31,10180,12304,6965
2017-06-01,10138,12312,7029
2017-06-02,10155,12364,7073
2017-06-05,10177,12413,7108
2017-06-06,10154,12358,7051
2017-06-07,10199,12399,7089
2017-06-08,10212,12387,7108
2017-06-09,10308,12417,7148
2017-06-12,10276,12358,7107
2017-06-13,10254,12354,7133
2017-06-14,10227,12361,7160
2017-06-15,10182,12316,7190
2017-06-16,10205,12332,7224
2017-06-19,10292,12415,7222
2017-06-20,10311,12417,7229
2017-06-21,10238,12396,7233
2017-06-22,10117,12382,7184
2017-06-23,9980,12297,7079
2017-06-27,9902,12215,6955
2017-06-28,9976,12198,6967
2017-06-29,10042,12219,7037
2017-06-30,10062,12253,7062
2017-07-03,10190,12380,7147
2017-07-04,10183,12375,7142
2017-07-05,10257,12417,7222
2017-07-06,10277,12470,7251
2017-07-07,10273,12461,7274
2017-07-10,10353,12593,7303
2017-07-11,10339,12597,7246
2017-07-12,10465,12648,7307
2017-07-13,10520,12754,7337
2017-07-14,10562,12756,7306
2017-07-17,10597,12792,7313
2017-07-18,10546,12683,7262
2017-07-19,10660,12789,7341
2017-07-20,10620,12755,7350
2017-07-21,10597,12806,7371
2017-07-24,10580,12866,7383
2017-07-25,10638,12870,7387
2017-07-26,10730,12933,7414
2017-07-27,10728,12924,7359
2017-07-28,10766,12930,7383
2017-07-31,10861,13011,7381
2017-08-01,10912,13048,7374
2017-08-02,10900,13003,7359
2017-08-03,10829,12934,7280
2017-08-04,10997,13016,7280
2017-08-07,11127,13033,7356
2017-08-08,11067,12922,7237
2017-08-09,10959,12810,7116
2017-08-10,10715,12660,6844
2017-08-11,10625,12544,6840
2017-08-14,10907,12678,7009
2017-08-16,11016,12810,7104
2017-08-17,11000,12817,7148
2017-08-18,10973,12740,7104
2017-08-21,10821,12618,7015
2017-08-22,10822,12619,6969
2017-08-23,10986,12741,7062
2017-08-24,11039,12767,7102
2017-08-28,11137,12847,7197
2017-08-29,11031,12698,7107
2017-08-30,11252,12825,7211
2017-08-31,11281,12861,7268
2017-09-01,11419,12943,7337
2017-09-04,11338,12865,7277
2017-09-05,11437,12919,7351
2017-09-06,11459,12883,7383
2017-09-07,11523,12915,7431
2017-09-08,11503,12905,7418
2017-09-11,11674,13001,7447
2017-09-12,11791,13115,7515
2017-09-13,11656,13093,7470
2017-09-14,11660,13109,7500
2017-09-15,11686,13103,7508
2017-09-18,11757,13186,7575
2017-09-19,11808,13186,7614
2017-09-20,11768,13173,7603
2017-09-21,11720,13138,7550
2017-09-22,11374,12912,7319
2017-09-25,11237,12785,7165
2017-09-26,11310,12789,7225
2017-09-27,11116,12603,7078
2017-09-28,11154,12646,7130
2017-09-29,11313,12691,7233
2017-10-03,11418,12788,7262
2017-10-04,11445,12853,7318
2017-10-05,11447,12830,7377
2017-10-06,11691,12945,7466
2017-10-09,11665,12958,7509
2017-10-10,11725,13001,7568
2017-10-11,11661,12953,7486
2017-10-12,11794,13098,7568
2017-10-13,11840,13179,7598
2017-10-16,11927,13255,7602
2017-10-17,11979,13268,7661
2017-10-18,11971,13239,7661
2017-10-19,11857,13158,7668
2017-10-23,11899,13209,7692
2017-10-24,11936,13230,7746
2017-10-25,11857,13352,7761
2017-10-26,12023,13413,7803
2017-10-27,11968,13405,7827
2017-10-30,12060,13472,7915
2017-10-31,11987,13446,7951
2017-11-01,12065,13583,7994
2017-11-02,12060,13573,8023
2017-11-03,12103,13609,8072
2017-11-06,12094,13624,8107
2017-11-07,11952,13479,7996
2017-11-08,11848,13411,7926
2017-11-09,11866,13431,7968
2017-11-10,11871,13440,7972
2017-11-13,11786,13319,7916
2017-11-14,11696,13270,7900
2017-11-15,11522,13171,7773
2017-11-16,11617,13301,7855
2017-11-17,11755,13405,7919
2017-11-20,11854,13424,7990
2017-11-21,11879,13458,8019
2017-11-22,11873,13473,8040
2017-11-23,11885,13479,8088
2017-11-24,11899,13533,8112
2017-11-27,11893,13549,8174
2017-11-28,11906,13519,8196
2017-11-29,11870,13509,8189
2017-11-30,11757,13342,8207
2017-12-01,11612,13205,8091
2017-12-04,11683,13214,8030
2017-12-05,11681,13204,8018
2017-12-06,11552,13102,7978
2017-12-07,11783,13271,8086
2017-12-08,11906,13401,8167
2017-12-11,11934,13469,8168
2017-12-12,11829,13358,8094
2017-12-13,11749,13285,8028
2017-12-14,11788,13351,8007
2017-12-15,11973,13458,8116
2017-12-18,12099,13539,8139
2017-12-19,12257,13651,8287
2017-12-20,12247,13631,8355
2017-12-21,12308,13637,8444
2017-12-22,12366,13705,8495
2017-12-26,12449,13757,8558
2017-12-27,12388,13701,8513
2017-12-28,12431,13688,8542
2017-12-29,12518,13761,8590
2018-01-01,12444,13651,8636
2018-01-02,12382,13653,8575
2018-01-03,12418,13667,8649
2018-01-04,12550,13757,8748
2018-01-05,12710,13843,8829
2018-01-08,12807,13930,8910
2018-01-09,12784,13936,8918
2018-01-10,12730,13926,8923
2018-01-11,12710,13945,8971
2018-01-12,12745,13979,8967
2018-01-15,12732,14039,8987
2018-01-16,12542,13958,8771
2018-01-17,12588,14071,8816
2018-01-18,12434,14074,8627
2018-01-19,12567,14176,8709
2018-01-22,12678,14272,8767
2018-01-23,12798,14416,8804
2018-01-24,12654,14405,8727
2018-01-25,12570,14357,8654
2018-01-29,12630,14415,8537
2018-01-30,12536,14315,8415
2018-01-31,12408,14277,8339
2018-02-01,12378,14267,8342
2018-02-02,11899,13924,7923
2018-02-05,11822,13815,7922
2018-02-06,11694,13599,7747
2018-02-07,11706,13593,7896
2018-02-08,11922,13743,8082
2018-02-09,11918,13602,8111
2018-02-12,12123,13726,8246
2018-02-14,12156,13680,8242
2018-02-15,12078,13714,8140
2018-02-16,11921,13588,8032
2018-02-19,11788,13484,7947
2018-02-20,11780,13474,7940
2018-02-21,11714,13507,7921
2018-02-22,11659,13475,7880
2018-02-23,11918,13626,8010
2018-02-26,12073,13747,8096
2018-02-27,12053,13708,8048
2018-02-28,11990,13634,8046
2018-03-01,11949,13582,8014
2018-03-05,11776,13449,7925
2018-03-06,11677,13310,7815
2018-03-07,11603,13182,7637
2018-03-08,11653,13278,7676
2018-03-09,11626,13262,7647
2018-03-12,11818,13491,7680
2018-03-13,11880,13524,7777
2018-03-14,11886,13509,7773
2018-03-15,11866,13453,7850
2018-03-16,11719,13259,7749
2018-03-19,11544,13118,7581
2018-03-20,11608,13172,7580
2018-03-21,11675,13215,7610
2018-03-22,11655,13164,7514
2018-03-23,11530,13023,7392
2018-03-26,11771,13199,7442
2018-03-27,11910,13274,7549
2018-03-28,11799,13176,7452
2018-04-02,12050,13324,7598
2018-04-03,12125,13384,7698
2018-04-04,11971,13233,7621
2018-04-05,12256,13488,7771
2018-04-06,12356,13518,7819
2018-04-09,12467,13572,7834
2018-04-10,12443,13594,7832
2018-04-11,12498,13614,7833
2018-04-12,12467,13657,7811
2018-04-13,12534,13681,7829
2018-04-16,12645,13743,7857
2018-04-17,12669,13770,7873
2018-04-18,12626,13742,7847
2018-04-19,12695,13801,7914
2018-04-20,12609,13791,7921
2018-04-23,12643,13824,7946
2018-04-24,12687,13861,7929
2018-04-25,12623,13808,7840
2018-04-26,12682,13856,7852
2018-04-27,12729,13952,7886
2018-04-30,12778,14016,7967
2018-05-02,12570,13967,7881
2018-05-03,12461,13898,7807
2018-05-04,12443,13816,7788
2018-05-07,12637,13940,7834
2018-05-08,12555,13937,7870
2018-05-09,12542,13953,7852
2018-05-10,12430,13900,7729
2018-05-11,12542,14000,7708
2018-05-14,12422,13990,7623
2018-05-15,12400,13977,7553
2018-05-16,12439,13908,7561
2018-05-17,12449,13843,7618
2018-05-18,12350,13719,7470
2018-05-21,12165,13601,7289
2018-05-22,12268,13649,7373
2018-05-23,12115,13521,7352
2018-05-24,12072,13617,7354
2018-05-25,12327,13764,7452
2018-05-28,12454,13889,7563
2018-05-29,12408,13826,7549
2018-05-30,12435,13799,7533
2018-05-31,12480,13940,7477
2018-06-01,12362,13876,7359
2018-06-04,12271,13785,7178
2018-06-05,12222,13725,6984
2018-06-06,12384,13857,7095
2018-06-07,12501,13977,7246
2018-06-08,12535,13984,7301
2018-06-11,12543,14007,7331
2018-06-12,12625,14083,7377
2018-06-13,12599,14095,7360
2018-06-14,12648,14054,7349
2018-06-15,12625,14050,7304
2018-06-18,12565,14020,7248
2018-06-19,12448,13906,7151
2018-06-20,12537,13974,7164
2018-06-21,12468,13931,7102
2018-06-22,12572,14031,7103
2018-06-25,12551,13938,7046
2018-06-26,12545,13949,6989
2018-06-27,12429,13819,6848
2018-06-28,12275,13704,6740
2018-06-29,12420,13879,6881
2018-07-02,12387,13798,6818
2018-07-03,12462,13854,6850
2018-07-04,12525,13930,6881
2018-07-05,12403,13904,6844
2018-07-06,12426,13941,6880
2018-07-09,12549,14046,6991
2018-07-10,12607,14172,7065
2018-07-11,12622,14159,7039
2018-07-12,12670,14240,7041
2018-07-13,12690,14226,6914
2018-07-16,12590,14091,6732
2018-07-17,12627,14193,6807
2018-07-18,12464,14142,6740
2018-07-19,12416,14117,6683
2018-07-20,12560,14187,6709
2018-07-23,12609,14303,6764
2018-07-24,12644,14407,6918
2018-07-25,12596,14402,6943
2018-07-26,12594,14463,6974
2018-07-27,12712,14604,7045
2018-07-30,12737,14671,7077
2018-07-31,12907,14720,7089
2018-08-01,12948,14715,7097
2018-08-02,12884,14598,7095
2018-08-03,12955,14742,7196
2018-08-06,12908,14775,7222
2018-08-07,12944,14776,7188
2018-08-08,13064,14848,7209
2018-08-09,13076,14880,7245
2018-08-10,13049,14819,7171
2018-08-13,13068,14715,7105
2018-08-14,13209,14824,7127
2018-08-16,13168,14753,7104
2018-08-17,13306,14879,7173
2018-08-20,13356,14996,7189
2018-08-21,13378,15026,7221
2018-08-23,13471,15051,7210
2018-08-24,13403,15022,7193
2018-08-27,13557,15190,7240
2018-08-28,13610,15240,7255
2018-08-29,13622,15202,7274
2018-08-30,13558,15193,7320
2018-08-31,13608,15210,7361
2018-09-03,13448,15085,7352
2018-09-04,13259,14952,7199
2018-09-05,13210,14891,7180
2018-09-06,13280,14976,7221
2018-09-07,13416,15057,7254
2018-09-10,13173,14854,7171
2018-09-11,12994,14648,7074
2018-09-12,13070,14751,7057
2018-09-14,13264,14949,7151
2018-09-17,13149,14779,7161
2018-09-18,13130,14639,7043
2018-09-19,13054,14581,6985
2018-09-21,12812,14439,6764
2018-09-24,12580,14183,6594
2018-09-25,12705,14312,6537
2018-09-26,12694,14302,6533
2018-09-27,12601,14184,6394
2018-09-28,12479,14108,6142
2018-10-01,12565,14197,6147
2018-10-03,12325,14005,6176
2018-10-04,11958,13686,6045
2018-10-05,11750,13326,5917
2018-10-08,11747,13344,5808
2018-10-09,11646,13280,5779
2018-10-10,11912,13513,5991
2018-10-11,11638,13227,5886
2018-10-12,11952,13531,6035
2018-10-15,11962,13583,6110
2018-10-16,12054,13689,6204
2018-10-17,11860,13502,6058
2018-10-19,11730,13318,5992
2018-10-22,11570,13245,5888
2018-10-23,11406,13114,5811
2018-10-24,11545,13207,5853
2018-10-25,11450,13081,5797
2018-10-26,11352,12976,5784
2018-10-29,11524,13266,5912
2018-10-30,11509,13216,5981
2018-10-31,11761,13458,6055
2018-11-01,11741,13464,6129
2018-11-02,11827,13686,6197
2018-11-05,11836,13660,6172
2018-11-06,11779,13657,6168
2018-11-07,11860,13746,6237
2018-11-09,11880,13740,6280
2018-11-12,11868,13603,6225
2018-11-13,11939,13720,6235
2018-11-14,11846,13715,6226
2018-11-15,11930,13769,6227
2018-11-16,11969,13849,6210
2018-11-19,12085,13951,6233
2018-11-20,11980,13807,6159
2018-11-21,11968,13758,6169
2018-11-22,11869,13663,6146
2018-11-26,11974,13784,6126
2018-11-27,12056,13847,6151
2018-11-28,12102,13890,6115
2018-11-29,12250,14050,6120
2018-11-30,12358,14083,6141
2018-12-03,12374,14097,6177
2018-12-04,12338,14076,6188
2018-12-05,12240,13952,6104
2018-12-06,11993,13720,6025
2018-12-07,12112,13832,6028
2018-12-10,11872,13568,5917
2018-12-11,12011,13664,5997
2018-12-12,12229,13916,6157
2018-12-13,12311,13995,6203
2018-12-14,12313,14017,6212
2018-12-17,12367,14126,6234
2018-12-18,12373,14158,6273
2018-12-19,12455,14250,6344
2018-12-20,12416,14222,6354
2018-12-21,12194,13978,6293
2018-12-24,12057,13849,6234
2018-12-26,12074,13931,6226
2018-12-27,12147,13990,6238
2018-12-28,12262,14103,6295
2018-12-31,12310,14114,6344
2019-01-01,12301,14163,6367
2019-01-02,12223,14014,6320
2019-01-03,12123,13865,6284
2019-01-04,12128,13931,6293
2019-01-07,12168,13980,6298
2019-01-08,12162,14013,6307
2019-01-09,12238,14073,6299
2019-01-10,12260,14043,6315
2019-01-11,12242,14006,6302
2019-01-14,12213,13929,6274
2019-01-15,12408,14110,6331
2019-01-16,12398,14115,6344
2019-01-17,12401,14132,6324
2019-01-18,12436,14114,6266
2019-01-21,12489,14170,6218
2019-01-22,12556,14133,6180
2019-01-23,12515,14019,6172
2019-01-24,12557,14041,6148
2019-01-25,12512,13939,6061
2019-01-28,12333,13772,5950
2019-01-29,12393,13764,5958
2019-01-30,12411,13763,5985
2019-01-31,12600,13976,6018
2019-02-01,12751,14064,6022
2019-02-04,12784,14069,5935
2019-02-05,12779,14081,5881
2019-02-06,12939,14245,5896
2019-02-07,12970,14275,5935
2019-02-08,12857,14103,5868
2019-02-11,12736,14025,5775
2019-02-12,12679,13952,5759
2019-02-13,12657,13892,5729
2019-02-14,12603,13848,5727
2019-02-15,12455,13794,5680
2019-02-18,12362,13687,5631
2019-02-19,12273,13649,5651
2019-02-20,12400,13819,5707
2019-02-21,12506,13898,5768
2019-02-22,12528,13914,5814
2019-02-25,12638,14021,5860
2019-02-26,12624,13970,5825
2019-02-27,12554,13945,5837
2019-02-28,12543,13947,5887
2019-03-01,12614,14050,6025
2019-03-05,12642,14224,6246
2019-03-06,12749,14312,6312
2019-03-07,12671,14309,6307
2019-03-08,12635,14285,6302
2019-03-11,12784,14477,6420
2019-03-12,12904,14635,6490
2019-03-13,12891,14671,6466
2019-03-14,12891,14669,6463
2019-03-15,12972,14762,6430
2019-03-18,13009,14807,6419
2019-03-19,13065,14892,6447
2019-03-20,13061,14873,6426
2019-03-22,13003,14790,6392
2019-03-25,12920,14652,6320
2019-03-26,13050,14815,6372
2019-03-27,12978,14769,6436
2019-03-28,13059,14926,6485
2019-03-29,13164,15015,6525
2019-04-01,13210,15071,6587
2019-04-02,13205,15107,6581
2019-04-03,13141,15022,6518
2019-04-04,13116,14970,6488
2019-04-05,13165,15055,6547
2019-04-08,13123,14979,6526
2019-04-09,13200,15062,6519
2019-04-10,13161,14958,6530
2019-04-11,13153,14978,6535
2019-04-12,13176,15039,6575
2019-04-15,13247,15101,6611
2019-04-16,13310,15221,6631
2019-04-18,13300,15174,6553
2019-04-22,13190,14961,6455
2019-04-23,13213,14937,6435
2019-04-24,13371,15118,6474
2019-04-25,13316,15013,6474
2019-04-26,13424,15140,6466
2019-04-30,13503,15124,6393
2019-05-02,13371,15088,6383
2019-05-03,13264,15065,6373
2019-05-06,13111,14913,6322
2019-05-07,13040,14790,6273
2019-05-08,12894,14613,6189
2019-05-09,12873,14543,6170
2019-05-10,12876,14512,6188
2019-05-13,12776,14332,6048
2019-05-14,12733,14418,6080
2019-05-15,12728,14337,6041
2019-05-16,12856,14449,6050
2019-05-17,12970,14633,6070
2019-05-20,13229,15165,6316
2019-05-21,13202,15015,6277
2019-05-22,13169,15061,6303
2019-05-23,13083,14977,6294
2019-05-24,13224,15231,6450
2019-05-27,13199,15332,6559
2019-05-28,13222,15345,6576
2019-05-29,13198,15254,6534
2019-05-30,13282,15351,6544
2019-05-31,13323,15338,6498
2019-06-03,13526,15547,6502
2019-06-04,13430,15465,6498
2019-06-06,13304,15225,6393
2019-06-07,13327,15256,6387
2019-06-10,13442,15320,6344
2019-06-11,13490,15379,6355
2019-06-12,13424,15297,6331
2019-06-13,13446,15317,6297
2019-06-14,13329,15194,6258
2019-06-17,13222,14995,6167
2019-06-18,13239,15019,6137
2019-06-19,13247,15008,6054
2019-06-20,13368,15209,6115
2019-06-21,13239,15083,6114
2019-06-24,13170,15058,6100
2019-06-25,13267,15171,6125
2019-06-26,13294,15244,6157
2019-06-27,13276,15247,6175
2019-06-28,13242,15185,6172
2019-07-01,13309,15281,6202
2019-07-02,13378,15337,6193
2019-07-03,13367,15355,6210
2019-07-04,13441,15396,6230
2019-07-05,13245,15216,6150
2019-07-08,12921,14893,6018
2019-07-09,12885,14900,6025
2019-07-10,12755,14821,5983
2019-07-11,12798,14932,6005
2019-07-12,12762,14902,6029
2019-07-15,12819,14952,5982
2019-07-16,12916,15057,5983
2019-07-17,12966,15090,5983
2019-07-18,12886,14969,5922
2019-07-19,12640,14745,5822
2019-07-22,12524,14667,5742
2019-07-23,12504,14643,5773
2019-07-24,12387,14551,5702
2019-07-25,12362,14544,5687
2019-07-26,12470,14598,5690
2019-07-29,12385,14467,5633
2019-07-30,12226,14324,5502
2019-07-31,12240,14378,5520
2019-08-01,12090,14202,5452
2019-08-02,12100,14233,5420
2019-08-05,11918,14066,5311
2019-08-06,12078,14179,5400
2019-08-07,11968,14066,5392
2019-08-08,12145,14292,5435
2019-08-09,12267,14392,5483
2019-08-13,11969,14145,5404
2019-08-14,12136,14286,5423
2019-08-16,12170,14313,5431
2019-08-19,12200,14323,5461
2019-08-20,12156,14268,5422
2019-08-21,12045,14138,5324
2019-08-22,11847,13915,5211
2019-08-23,11958,14030,5244
2019-08-26,12235,14321,5353
2019-08-27,12248,14399,5433
2019-08-28,12171,14323,5405
2019-08-29,12049,14214,5360
2019-08-30,12157,14324,5408
2019-09-03,11909,14029,5332
2019-09-04,11973,14079,5345
2019-09-05,11959,14093,5381
2019-09-06,12084,14212,5441
2019-09-09,12225,14283,5481
2019-09-11,12250,14333,5568
2019-09-12,12194,14271,5582
2019-09-13,12320,14389,5615
2019-09-16,12254,14305,5637
2019-09-17,12058,14063,5525
2019-09-18,12094,14101,5534
2019-09-19,11932,13932,5458
2019-09-20,12592,14680,5647
2019-09-23,12987,15084,5830
2019-09-24,12976,15073,5831
2019-09-25,12803,14873,5737
2019-09-26,12926,15044,5765
2019-09-27,12913,14978,5722
2019-09-30,12848,14913,5658
2019-10-01,12683,14765,5562
2019-10-03,12611,14697,5536
2019-10-04,12448,14515,5487
2019-10-07,12421,14433,5429
2019-10-09,12622,14670,5462
2019-10-10,12517,14569,5434
2019-10-11,12551,14656,5451
2019-10-14,12540,14711,5452
2019-10-15,12585,14825,5449
2019-10-16,12658,14882,5460
2019-10-17,12808,15061,5513
2019-10-18,12918,15174,5616
2019-10-22,12852,15102,5663
2019-10-23,12881,15128,5670
2019-10-24,12890,15097,5642
2019-10-25,12850,15092,5619
2019-10-29,13002,15359,5718
2019-10-30,13046,15438,5755
2019-10-31,13162,15482,5795
2019-11-01,13159,15496,5828
2019-11-04,13244,15549,5855
2019-11-05,13232,15507,5801
2019-11-06,13228,15569,5775
2019-11-07,13280,15633,5806
2019-11-08,13196,15494,5779
2019-11-11,13213,15505,5784
2019-11-13,13099,15412,5737
2019-11-14,13168,15438,5737
2019-11-15,13187,15466,5730
2019-11-18,13204,15452,5740
2019-11-19,13255,15508,5756
2019-11-20,13297,15587,5760
2019-11-21,13230,15544,5745
2019-11-22,13134,15478,5746
2019-11-25,13316,15686,5796
2019-11-26,13284,15632,5770
2019-11-27,13390,15718,5774
2019-11-28,13463,15796,5810
2019-11-29,13337,15673,5851
2019-12-02,13305,15663,5808
2019-12-03,13287,15587,5763
2019-12-04,13374,15645,5784
2019-12-05,13350,15601,5791
2019-12-06,13224,15470,5732
2019-12-09,13250,15481,5692
2019-12-10,13183,15369,5640
2019-12-11,13283,15438,5624
2019-12-12,13362,15523,5654
2019-12-13,13456,15673,5702
2019-12-16,13443,15625,5698
2019-12-17,13537,15759,5738
2019-12-18,13566,15830,5739
2019-12-19,13584,15881,5739
2019-12-20,13648,15907,5743
2019-12-23,13648,15896,5743
2019-12-24,13596,15841,5745
2019-12-26,13546,15734,5761
2019-12-27,13651,15882,5808
2019-12-30,13686,15895,5856
2019-12-31,13608,15783,5884
2020-01-01,13600,15798,5926
2020-01-02,13674,15929,6022
2020-01-03,13592,15862,6036
2020-01-06,13333,15556,5920
2020-01-07,13413,15638,5991
2020-01-08,13469,15608,5990
2020-01-09,13681,15850,6102
2020-01-10,13739,15902,6143
2020-01-13,13844,16001,6202
2020-01-14,13927,16042,6236
2020-01-15,13973,16029,6294
2020-01-16,14059,16044,6340
2020-01-17,14143,16045,6364
2020-01-20,14078,15881,6331
2020-01-21,14039,15809,6331
2020-01-22,13985,15736,6322
2020-01-23,14116,15843,6363
2020-01-24,14229,15939,6396
2020-01-27,14173,15779,6391
2020-01-28,14160,15703,6377
2020-01-29,14245,15798,6380
2020-01-30,14127,15654,6304
2020-01-31,13995,15553,6300
2020-02-03,13972,15210,6137
2020-02-04,14264,15559,6249
2020-02-05,14381,15715,6298
2020-02-06,14447,15794,6349
2020-02-07,14423,15763,6373
2020-02-10,14397,15681,6331
2020-02-11,14412,15759,6336
2020-02-12,14510,15864,6323
2020-02-13,14484,15831,6316
2020-02-14,14485,15739,6300
2020-02-17,14420,15643,6231
2020-02-18,14364,15576,6200
2020-02-19,14590,15768,6284
2020-02-20,14502,15720,6309
2020-02-24,14258,15393,6204
2020-02-25,14225,15343,6187
2020-02-26,14121,15179,6150
2020-02-27,14100,15123,6091
2020-02-28,13599,14569,5858
2020-03-02,13504,14487,5790
2020-03-03,13738,14725,5859
2020-03-04,13642,14650,5769
2020-03-05,13709,14684,5795
2020-03-06,13472,14326,5664
2020-03-09,12976,13634,5401
2020-03-11,12968,13628,5387
2020-03-12,12038,12490,4912
2020-03-13,12415,12949,4945
2020-03-16,11667,12009,4678
2020-03-17,11400,11736,4570
2020-03-18,10652,11095,4294
2020-03-19,10328,10817,4073
2020-03-20,11048,11415,4165
2020-03-23,9636,9960,3650
2020-03-24,9910,10194,3615
2020-03-25,10549,10827,3705
2020-03-26,10948,11272,3834
2020-03-27,10821,11292,3868
2020-03-30,10580,10851,3778
2020-03-31,11002,11271,3901
2020-04-01,10617,10849,3862
2020-04-03,10461,10638,3820
2020-04-07,11356,11534,3953
2020-04-08,11346,11517,4020
2020-04-09,11725,11984,4158
2020-04-13,11682,11848,4140
2020-04-15,11737,11784,4184
2020-04-16,11863,11873,4269
2020-04-17,12023,12204,4398
2020-04-20,11980,12190,4427
2020-04-21,11824,11845,4272
2020-04-22,12085,12099,4293
2020-04-23,12153,12247,4350
2020-04-24,11947,12036,4269
2020-04-27,12201,12215,4304
2020-04-28,12277,12322,4336
2020-04-29,12346,12537,4375
2020-04-30,12533,12920,4405
2020-05-04,11963,12206,4267
2020-05-05,11763,12084,4214
2020-05-06,11900,12174,4231
2020-05-07,11752,12074,4239
2020-05-08,11906,12148,4207
2020-05-11,11850,12152,4191
2020-05-12,11779,12101,4158
2020-05-13,11874,12333,4253
2020-05-14,11699,12050,4214
2020-05-15,11744,12034,4217
2020-05-18,11325,11626,4085
2020-05-19,11423,11698,4085
2020-05-20,11671,11942,4135
2020-05-21,11653,12008,4163
2020-05-22,11554,11913,4145
2020-05-26,11542,11904,4170
2020-05-27,11735,12229,4192
2020-05-28,11893,12457,4263
2020-05-29,12142,12611,4312
2020-06-01,12385,12917,4450
2020-06-02,12529,13103,4549
2020-06-03,12673,13208,4608
2020-06-04,12625,13180,4607
2020-06-05,12741,13343,4737
2020-06-08,12718,13372,4790
2020-06-09,12612,13223,4739
2020-06-10,12661,13301,4778
2020-06-11,12483,13030,4724
2020-06-12,12625,13129,4717
2020-06-15,12414,12932,4734
2020-06-16,12476,13050,4730
2020-06-17,12445,13014,4759
2020-06-18,12646,13258,4826
2020-06-19,12849,13454,4907
2020-06-22,12994,13566,5003
2020-06-23,13208,13781,5081
2020-06-24,13006,13573,5009
2020-06-25,12999,13556,5028
2020-06-26,12983,13665,5056
2020-06-29,12995,13569,4994
2020-06-30,12952,13556,4957
2020-07-01,12874,13701,4991
2020-07-02,12941,13860,5034
2020-07-03,13039,13938,5048
2020-07-06,13068,14123,5128
2020-07-07,13085,14173,5163
2020-07-08,13040,14061,5149
2020-07-09,13104,14190,5192
2020-07-10,13142,14134,5175
2020-07-13,13238,14179,5176
2020-07-14,13213,13939,5108
2020-07-15,13174,13942,5105
2020-07-16,13315,14087,5102
2020-07-17,13495,14302,5169
2020-07-20,13585,14449,5218
2020-07-21,13437,14610,5237
2020-07-22,13410,14566,5229
2020-07-23,13516,14677,5268
2020-07-24,13419,14630,5253
2020-07-27,13346,14544,5207
2020-07-28,13403,14747,5261
2020-07-29,13531,14647,5266
2020-07-30,13615,14547,5230
2020-07-31,13805,14536,5270
2020-08-03,13756,14321,5328
2020-08-04,13929,14565,5408
2020-08-05,13942,14573,5460
2020-08-06,14078,14703,5497
2020-08-07,14220,14723,5542
2020-08-10,14523,14816,5629
2020-08-11,14392,14866,5647
2020-08-12,14257,14849,5666
2020-08-13,14238,14855,5719
2020-08-14,14244,14698,5675
2020-08-17,14276,14783,5732
2020-08-18,14387,14963,5807
2020-08-19,14400,14993,5884
2020-08-20,14380,14883,5914
2020-08-21,14446,14956,6003
2020-08-24,14484,15064,6094
2020-08-25,14443,15073,6117
2020-08-26,14424,15165,6178
2020-08-27,14432,15185,6195
2020-08-28,14400,15291,6181
2020-08-31,13916,14908,5904
2020-09-01,14242,15026,5916
2020-09-02,14371,15124,6007
2020-09-03,14471,15128,6045
2020-09-04,14223,14871,5980
2020-09-07,14161,14888,5988
2020-09-08,14017,14832,5932
2020-09-09,14176,14784,5849
2020-09-10,14322,14998,5929
2020-09-11,14407,15033,5941
2020-09-14,14372,15003,6243
2020-09-15,14525,15116,6324
2020-09-16,14656,15219,6348
2020-09-17,14632,15107,6313
2020-09-18,14849,15100,6299
2020-09-21,14298,14746,6061
2020-09-22,14228,14613,5950
2020-09-23,14130,14583,5950
2020-09-24,13840,14168,5811
2020-09-25,14199,14498,5960
2020-09-28,14424,14743,6135
2020-09-29,14354,14728,6120
2020-09-30,14435,14769,6115
2020-10-01,14559,14977,6163
2020-10-05,14574,15081,6194
2020-10-06,14603,15269,6227
2020-10-07,14624,15351,6198
2020-10-08,14740,15470,6180
2020-10-09,14573,15554,6160
2020-10-12,14621,15565,6118
2020-10-13,14525,15561,6110
2020-10-14,14575,15620,6115
2020-10-15,14346,15256,6019
2020-10-16,14473,15367,6099
2020-10-19,14425,15509,6134
2020-10-20,14441,15540,6150
2020-10-21,14340,15582,6150
2020-10-22,14269,15534,6198
2020-10-23,14331,15591,6241
2020-10-26,14173,15378,6174
2020-10-27,14533,15546,6186
2020-10-28,14391,15352,6136
2020-10-29,14427,15298,6085
2020-10-30,14364,15265,6086
2020-11-02,14243,15302,6008
2020-11-03,14278,15478,6023
2020-11-04,14424,15606,6024
2020-11-05,14659,15880,6123
2020-11-06,14665,16051,6153
2020-11-09,14837,16306,6179
2020-11-10,14459,16485,6168
2020-11-11,14680,16644,6202
2020-11-12,14794,16591,6276
2020-11-13,14927,16643,6335
2020-11-17,14940,16847,6425
2020-11-18,14920,16927,6466
2020-11-19,14809,16722,6466
2020-11-20,14886,16849,6536
2020-11-23,15059,16947,6645
2020-11-24,15122,17105,6705
2020-11-25,14843,16847,6641
2020-11-26,14991,17013,6693
2020-11-27,15183,17004,6862
2020-12-01,15229,17193,6942
2020-12-02,15318,17217,6963
2020-12-03,15451,17264,7023
2020-12-04,15573,17415,7059
2020-12-07,15706,17547,7156
2020-12-08,15647,17588,7137
2020-12-09,15734,17744,7191
2020-12-10,15867,17695,7145
2020-12-11,15812,17742,7182
2020-12-14,15907,17801,7240
2020-12-15,15828,17806,7255
2020-12-16,15977,17950,7324
2020-12-17,16013,18011,7322
2020-12-18,16117,18037,7295
2020-12-21,15607,17463,6937
2020-12-22,15882,17653,7003
2020-12-23,16145,17846,7202
2020-12-24,16203,18023,7257
2020-12-28,16246,18185,7380
2020-12-29,16231,18252,7380
2020-12-30,16301,18318,7424
2020-12-31,16324,18321,7440
2021-01-01,16440,18382,7526
2021-01-04,16730,18550,7624
2021-01-05,16881,18665,7671
2021-01-06,16815,18600,7651
2021-01-07,16914,18600,7738
2021-01-08,17210,18872,7793
2021-01-11,17400,19037,7787
2021-01-12,17323,19120,7810
2021-01-13,17297,19106,7789
2021-01-14,17209,19155,7824
2021-01-15,16906,18931,7740
2021-01-18,16558,18712,7598
2021-01-19,16833,19026,7725
2021-01-20,17125,19181,7756
2021-01-21,17046,19098,7723
2021-01-22,16786,18829,7670
2021-01-25,16661,18659,7592
2021-01-27,16358,18319,7576
2021-01-28,16262,18139,7545
2021-01-29,15795,17873,7520
2021-02-01,16278,18678,7672
2021-02-02,16625,19144,7768
2021-02-03,16845,19318,7878
2021-02-04,17043,19478,7987
2021-02-05,17085,19494,8006
2021-02-08,17451,19739,8128
2021-02-09,17359,19732,8093
2021-02-10,17495,19739,8127
2021-02-11,17602,19838,8242
2021-02-12,17575,19833,8231
2021-02-15,17818,20036,8254
2021-02-16,17851,20045,8273
2021-02-17,17706,19936,8308
2021-02-18,17711,19846,8380
2021-02-19,17395,19655,8311
2021-02-22,17184,19276,8230
2021-02-23,17293,19330,8303
2021-02-24,17336,19657,8409
2021-02-25,17551,19805,8546
2021-02-26,17053,19100,8455
2021-03-01,17317,19389,8608
2021-03-02,17644,19613,8712
2021-03-03,17955,20027,8794
2021-03-04,17854,19844,8879
2021-03-05,17506,19643,8744
2021-03-08,17513,19662,8799
2021-03-09,17462,19804,8724
2021-03-10,17708,19907,8817
2021-03-12,17615,19719,8847
2021-03-15,17581,19592,8782
2021-03-16,17646,19583,8806
2021-03-17,17348,19316,8609
2021-03-18,17041,19100,8488
2021-03-19,17318,19341,8525
2021-03-22,17610,19358,8547
2021-03-23,17746,19480,8606
2021-03-24,17497,19139,8442
2021-03-25,17192,18828,8281
2021-03-26,17476,19066,8378
2021-03-30,17842,19462,8485
2021-03-31,17866,19294,8530
2021-04-01,18262,19536,8697
2021-04-05,18213,19253,8560
2021-04-06,18557,19332,8652
2021-04-07,18803,19511,8772
2021-04-08,19057,19594,8866
2021-04-09,19180,19553,8913
2021-04-12,18482,18830,8433
2021-04-13,18605,19077,8574
2021-04-15,18695,19181,8547
2021-04-16,18985,19252,8620
2021-04-19,18869,18912,8447
2021-04-20,19005,18852,8511
2021-04-22,19117,18980,8574
2021-04-23,19034,18910,8609
2021-04-26,19117,19086,8703
2021-04-27,19365,19297,8852
2021-04-28,19454,19554,8922
2021-04-29,19716,19592,8949
2021-04-30,19579,19280,8923
2021-05-03,19790,19307,9037
2021-05-04,19571,19141,8980
2021-05-05,19785,19323,9039
2021-05-06,20005,19460,9108
2021-05-07,20098,19581,9172
2021-05-10,20292,19744,9311
2021-05-11,20192,19647,9388
2021-05-12,19874,19475,9324
2021-05-14,19659,19414,9232
2021-05-17,19919,19728,9352
2021-05-18,20260,19977,9469
2021-05-19,20211,19909,9523
2021-05-20,20120,19768,9542
2021-05-21,20208,20086,9614
2021-05-24,20126,20134,9688
2021-05-25,20220,20140,9704
2021-05-26,20303,20240,9769
2021-05-27,20364,20294,9834
2021-05-28,20372,20407,9784
2021-05-31,20513,20625,9825
2021-06-01,20578,20613,9759
2021-06-02,20865,20669,9878
2021-06-03,21098,20830,9991
2021-06-04,21241,20822,10043
2021-06-07,21172,20917,10190
2021-06-08,21221,20915,10242
2021-06-09,21071,20768,10116
2021-06-10,21360,20936,10279
2021-06-11,21541,21018,10316
2021-06-14,21489,21022,10267
2021-06-15,21570,21096,10318
2021-06-16,21302,20951,10256
2021-06-17,21147,20840,10192
2021-06-18,21123,20813,10119
2021-06-21,21189,20912,10198
2021-06-22,21219,20959,10289
2021-06-23,21036,20836,10253
2021-06-24,21161,20940,10232
2021-06-25,21405,21039,10269
2021-06-28,21521,20997,10323
2021-06-29,21474,20922,10312
2021-06-30,21421,20880,10379
2021-07-01,21411,20840,10440
2021-07-02,21357,20878,10537
2021-07-05,21544,21023,10656
2021-07-06,21384,21008,10600
2021-07-07,21614,21090,10670
2021-07-08,21318,20919,10666
2021-07-09,21513,20881,10725
2021-07-12,21532,20886,10841
2021-07-13,21605,21016,10933
2021-07-14,21716,21065,10952
2021-07-15,21848,21159,11029
2021-07-16,21936,21174,11126
2021-07-19,21745,20959,11125
2021-07-20,21501,20801,10944
2021-07-22,21950,21075,11119
2021-07-23,21901,21112,11095
2021-07-26,21939,21080,11136
2021-07-27,21917,20973,11128
2021-07-28,21967,20944,11072
2021-07-29,22534,21028,11173
2021-07-30,22529,21022,11227
2021-08-02,22769,21189,11320
2021-08-03,22922,21494,11292
2021-08-04,22802,21619,11166
2021-08-05,22876,21655,11110
2021-08-06,22911,21598,11126
2021-08-09,22675,21608,11011
2021-08-10,22352,21622,10726
2021-08-11,22621,21617,10668
2021-08-12,22802,21723,10912
2021-08-13,22880,21916,10905
2021-08-16,22996,21957,10811
2021-08-17,22908,22034,10781
2021-08-18,22864,21999,10739
2021-08-20,22180,21820,10486
2021-08-23,22081,21862,10279
2021-08-24,22508,22039,10492
2021-08-25,22542,22068,10572
2021-08-26,22393,22083,10599
2021-08-27,22660,22200,10682
2021-08-30,23013,22506,10831
2021-08-31,23370,22780,10905
2021-09-01,23373,22741,10928
2021-09-02,23591,22954,11033
2021-09-03,23749,23076,11093
2021-09-06,23892,23133,11182
2021-09-07,23768,23104,11155
2021-09-08,23783,23122,11227
2021-09-09,23847,23157,11314
2021-09-13,24020,23151,11400
2021-09-14,24040,23190,11459
2021-09-15,24278,23362,11538
2021-09-16,24287,23514,11538
2021-09-17,23990,23435,11458
2021-09-20,23156,23159,11237
2021-09-21,23601,23374,11243
2021-09-22,23814,23373,11386
2021-09-23,24191,23725,11485
2021-09-24,23959,23731,11478
2021-09-27,23878,23725,11496
2021-09-28,23627,23578,11442
2021-09-29,23908,23517,11473
2021-09-30,23830,23410,11551
2021-10-01,23782,23323,11584
2021-10-04,24264,23557,11750
2021-10-05,24377,23722,11815
2021-10-06,23976,23490,11713
2021-10-07,24325,23690,11851
2021-10-08,24504,23800,11946
2021-10-11,24772,23875,12075
2021-10-12,24978,23953,12151
2021-10-13,25780,24182,12185
2021-10-14,26238,24416,12250
2021-10-18,26837,24580,12352
2021-10-19,26282,24463,12124
2021-10-20,25894,24229,11876
2021-10-21,25542,24109,11794
2021-10-22,25015,23992,11665
2021-10-25,24797,23976,11452
2021-10-26,25393,24195,11731
2021-10-27,25272,24150,11792
2021-10-28,24535,23675,11608
2021-10-29,24575,23482,11570
2021-11-01,25076,23815,11691
2021-11-02,24984,23774,11834
2021-11-03,25148,23729,11795
2021-11-04,25225,23846,11953
2021-11-08,25608,24063,12048
2021-11-09,25759,24049,12097
2021-11-10,25630,24026,12092
2021-11-11,25482,23854,12031
2021-11-12,25810,24160,12072
2021-11-15,25806,24176,12044
2021-11-16,25743,24044,12079
2021-11-17,25864,23926,12070
2021-11-18,25336,23726,11878
2021-11-22,24897,23271,11560
2021-11-23,25349,23422,11782
2021-11-24,25220,23303,11841
2021-11-25,25417,23472,11942
2021-11-26,24313,22787,11597
2021-11-29,24219,22785,11305
2021-11-30,24048,22695,11530
2021-12-01,24432,22924,11565
2021-12-02,24811,23227,11690
2021-12-03,24694,22988,11756
2021-12-06,24260,22599,11610
2021-12-07,24774,22950,11753
2021-12-08,25261,23328,11929
2021-12-09,25362,23388,12038
2021-12-10,25468,23394,12147
2021-12-13,25372,23213,12150
2021-12-14,25367,23177,12187
2021-12-15,25095,23031,12145
2021-12-16,25156,23048,12026
2021-12-17,24647,22671,11752
2021-12-20,23855,22155,11344
2021-12-21,24372,22394,11485
2021-12-22,24759,22656,11675
2021-12-23,24934,22824,11768
2021-12-24,24794,22710,11691
2021-12-27,24845,22813,11736
2021-12-28,25128,23010,11910
2021-12-29,24986,22980,11995
2021-12-30,24845,22943,12013
2021-12-31,25108,23166,12153
2022-01-03,25418,23501,12309
2022-01-04,25510,23708,12373
2022-01-05,25402,23861,12380
2022-01-06,25317,23648,12394
2022-01-07,25390,23738,12445
2022-01-10,25578,23968,12620
2022-01-11,25672,24029,12633
2022-01-12,25856,24233,12712
2022-01-13,25987,24301,12786
2022-01-14,25931,24306,12874
2022-01-17,26028,24381,12935
2022-01-18,25392,24103,12670
2022-01-19,25249,23905,12699
2022-01-20,25204,23700,12685
2022-01-21,24553,23483,12447
2022-01-24,23474,22822,11877
2022-01-25,23725,23001,12003
2022-01-27,23241,22755,11948
2022-01-28,23517,22771,12011
2022-01-31,24050,23077,12127
2022-02-01,24259,23404,12219
2022-02-02,24567,23671,12423
2022-02-03,24278,23408,12424
2022-02-04,24294,23357,12352
2022-02-07,23922,22991,12218
2022-02-08,23822,23034,12033
2022-02-09,24286,23299,12074
2022-02-10,24459,23478,12094
2022-02-11,23852,23167,11866
2022-02-14,23021,22461,11360
2022-02-15,23954,23119,11586
2022-02-16,23842,23085,11674
2022-02-17,23748,23078,11590
2022-02-18,23581,23010,11495
2022-02-21,23455,22893,11199
2022-02-22,23360,22758,10983
2022-02-23,23441,22754,11114
2022-02-24,22089,21641,10462
2022-02-25,23062,22226,10908
2022-02-28,23381,22416,10997
2022-03-02,23321,22204,11026
2022-03-03,23321,22080,11069
2022-03-04,22815,21713,10894
2022-03-07,22409,21191,10640
2022-03-08,22738,21408,10786
2022-03-09,23148,21834,11013
2022-03-10,23502,22182,11169
2022-03-11,23541,22237,11268
2022-03-14,23790,22499,11315
2022-03-15,23443,22232,11222
2022-03-16,23899,22660,11347
2022-03-17,24197,23065,11481
2022-03-21,24058,22827,11512
2022-03-22,24325,23059,11548
2022-03-23,24257,22989,11530
2022-03-24,24418,22968,11571
2022-03-25,24321,22889,11525
2022-03-28,24332,22958,11458
2022-03-29,24418,23092,11527
2022-03-30,24702,23305,11632
2022-03-31,24608,23274,11687
2022-04-01,24773,23563,11909
2022-04-04,25065,24060,12090
2022-04-05,25383,23982,12206
2022-04-06,25393,23823,12257
2022-04-07,25035,23620,12205
2022-04-08,25286,23842,12299
2022-04-11,25240,23767,12338
2022-04-12,24732,23563,12163
2022-04-13,24779,23507,12204
2022-04-18,24316,23152,12096
2022-04-19,23866,22842,11912
2022-04-20,23966,23061,11915
2022-04-21,24347,23396,12066
2022-04-22,24061,23120,12035
2022-04-25,23610,22804,11795
2022-04-26,23979,23169,11916
2022-04-27,23636,22933,11848
2022-04-28,23838,23224,11879
2022-04-29,23560,23015,11754
2022-05-02,23313,22966,11636
2022-05-04,22733,22418,11371
2022-05-05,22834,22435,11300
2022-05-06,22362,22057,11044
2022-05-09,21981,21862,10833
2022-05-10,21550,21710,10610
2022-05-11,21480,21622,10327
2022-05-12,20909,21144,10156
2022-05-13,20912,21095,10261
2022-05-16,21031,21217,10398
2022-05-17,21799,21770,10697
2022-05-18,21633,21754,10733
2022-05-19,20837,21175,10494
2022-05-20,21287,21742,10718
2022-05-23,21249,21653,10645
2022-05-24,21004,21525,10514
2022-05-25,20515,21373,10198
2022-05-26,20702,21591,10295
2022-05-27,21080,21823,10401
2022-05-30,21762,22247,10634
2022-05-31,21807,22184,10743
2022-06-01,21598,22080,10815
2022-06-02,21738,22220,10871
2022-06-03,21443,22123,10776
2022-06-06,21420,22096,10707
2022-06-07,21240,21897,10647
2022-06-08,21117,21820,10629
2022-06-09,21225,21988,10636
2022-06-10,21064,21640,10543
2022-06-13,20280,21087,10170
2022-06-14,20431,21047,10128
2022-06-15,20517,21022,10187
2022-06-16,19809,20583,9875
2022-06-17,19625,20455,9796
2022-06-20,19386,20505,9492
2022-06-21,19987,20917,9785
2022-06-22,19605,20602,9683
2022-06-23,19861,20801,9796
2022-06-24,19984,21004,9966
2022-06-27,20283,21179,10126
2022-06-28,20332,21203,10118
2022-06-29,20087,21129,10063
2022-06-30,19872,21105,10031
2022-07-01,19654,21100,10052
2022-07-04,19810,21227,10102
2022-07-05,19771,21205,10128
2022-07-06,19915,21463,10182
2022-07-07,20185,21653,10317
2022-07-08,20388,21767,10341
2022-07-11,20513,21822,10448
2022-07-12,20378,21635,10410
2022-07-13,20348,21520,10432
2022-07-14,20372,21496,10364
2022-07-15,20617,21634,10416
2022-07-18,20888,21941,10568
2022-07-19,20993,22031,10659
2022-07-20,21032,22243,10724
2022-07-21,21320,22398,10812
2022-07-22,21297,22516,10842
2022-07-25,21299,22412,10799
2022-07-26,21211,22202,10689
2022-07-27,21335,22412,10691
2022-07-28,21463,22785,10772
2022-07-29,21769,23091,10925
2022-08-01,22267,23357,11106
2022-08-02,22376,23384,11175
2022-08-03,22282,23423,11131
2022-08-04,22280,23432,11102
2022-08-05,22292,23436,11092
2022-08-08,22555,23617,11120
2022-08-10,22640,23621,11090
2022-08-11,22753,23802,11163
2022-08-12,22942,23860,11189
2022-08-16,23207,24060,11287
2022-08-17,23281,24230,11341
2022-08-18,23373,24280,11372
2022-08-19,23039,24027,11252
2022-08-22,22711,23656,11152
2022-08-23,23071,23771,11266
2022-08-24,23143,23822,11365
2022-08-25,23061,23730,11405
2022-08-26,23371,23791,11488
2022-08-29,23247,23489,11419
2022-08-30,23685,24082,11561
2022-09-01,23739,23832,11596
2022-09-02,23720,23821,11622
2022-09-05,23883,23961,11738
2022-09-06,24040,23974,11775
2022-09-07,24047,23943,11872
2022-09-08,24106,24157,11957
2022-09-09,24036,24196,11935
2022-09-12,24257,24358,12048
2022-09-13,24486,24536,12062
2022-09-14,24503,24472,12074
2022-09-15,24640,24354,12072
2022-09-16,24133,23850,11796
2022-09-19,24157,23966,11712
2022-09-20,24425,24228,11848
2022-09-21,24190,24055,11775
2022-09-22,24324,23974,11844
2022-09-23,23798,23560,11610
2022-09-26,23031,23103,11222
2022-09-27,23035,23091,11281
2022-09-28,22908,22896,11231
2022-09-29,23069,22827,11295
2022-09-30,23349,23188,11468
2022-10-03,22998,22858,11425
2022-10-04,23487,23388,11576
2022-10-06,23685,23486,11703
2022-10-07,23783,23457,11741
2022-10-10,23531,23340,11676
2022-10-11,23236,22984,11496
2022-10-12,23419,23167,11546
2022-10-13,23286,23006,11485
2022-10-14,23227,23179,11489
2022-10-17,23409,23352,11519
2022-10-18,23787,23592,11611
2022-10-19,23773,23615,11615
2022-10-20,23866,23712,11628
2022-10-21,23710,23685,11579
2022-10-24,23851,23874,11687
2022-10-25,23875,23789,11667
2022-10-27,24104,23940,11714
2022-10-28,24131,23978,11643
2022-10-31,24434,24281,11688
2022-11-01,24829,24471,11705
2022-11-02,24768,24390,11707
2022-11-03,24761,24357,11722
2022-11-04,24822,24443,11776
2022-11-07,24979,24561,11864
2022-11-09,24876,24505,11818
2022-11-10,24558,24320,11673
2022-11-11,24555,24728,11713
2022-11-14,24461,24721,11766
2022-11-15,24568,24810,11774
2022-11-16,24492,24784,11735
2022-11-17,24415,24673,11721
2022-11-18,24204,24608,11669
2022-11-21,24150,24411,11682
2022-11-22,24318,24507,11674
2022-11-23,24284,24543,11742
2022-11-24,24428,24800,11807
2022-11-25,24516,24833,11898
2022-11-28,24571,24893,12025
2022-11-29,24514,24975,11982
2022-11-30,24741,25189,12043
2022-12-01,24741,25261,12097
2022-12-02,24717,25124,12177
2022-12-05,24773,25120,12217
2022-12-06,24787,25059,12189
2022-12-07,24663,24969,12142
2022-12-08,24692,25033,12209
2022-12-09,24659,24881,12082
2022-12-12,24640,24885,12146
2022-12-13,24741,25006,12216
2022-12-14,24858,25080,12295
2022-12-15,24578,24770,12243
2022-12-16,24187,24559,12146
2022-12-19,24461,24770,12182
2022-12-20,24442,24724,12157
2022-12-21,23968,24446,11906
2022-12-22,23747,24335,11698
2022-12-23,23105,23816,11185
2022-12-26,23528,24144,11560
2022-12-27,23679,24316,11702
2022-12-28,23795,24326,11727
2022-12-29,23747,24422,11741
2022-12-30,23740,24309,11832
2023-01-02,23826,24410,11922
2023-01-03,23866,24466,11939
2023-01-04,23559,24196,11832
2023-01-05,23699,24165,11830
2023-01-06,23548,23984,11739
2023-01-09,23794,24296,11786
2023-01-10,23442,24073,11728
2023-01-11,23396,24037,11735
2023-01-12,23355,24003,11743
2023-01-13,23541,24133,11776
2023-01-16,23427,24064,11770
2023-01-17,23411,24253,11753
2023-01-18,23489,24374,11761
2023-01-19,23415,24294,11727
2023-01-20,23347,24193,11662
2023-01-23,23432,24300,11646
2023-01-24,23321,24295,11600
2023-01-25,22929,23934,11497
2023-01-27,22180,23428,11287
2023-01-30,22256,23398,11264
2023-01-31,22723,23438,11560
2023-02-01,22037,23325,11428
2023-02-02,21939,23290,11478
2023-02-03,22341,23553,11437
2023-02-06,22370,23452,11466
2023-02-07,22388,23396,11425
2023-02-08,22583,23599,11514
2023-02-09,22510,23604,11485
2023-02-10,22489,23554,11543
2023-02-13,22290,23407,11406
2023-02-14,22382,23576,11347
2023-02-15,22576,23702,11393
2023-02-16,22733,23740,11485
2023-02-17,22517,23615,11446
2023-02-20,22394,23489,11410
2023-02-21,22332,23459,11370
2023-02-22,21970,23101,11243
2023-02-23,22016,23036,11264
2023-02-24,21917,22978,11245
2023-02-27,21861,22863,11113
2023-02-28,21887,22767,11152
2023-03-01,22312,22973,11290
2023-03-02,22273,22828,11280
2023-03-03,22718,23169,11360
2023-03-06,22882,23330,11476
2023-03-08,23126,23392,11507
2023-03-09,22913,23186,11469
2023-03-10,22705,22981,11387
2023-03-13,22283,22652,11150
2023-03-14,22150,22505,11050
2023-03-15,22101,22422,11070
2023-03-16,22190,22459,10993
2023-03-17,22278,22609,11066
2023-03-20,22058,22460,10971
2023-03-21,22186,22617,11022
2023-03-22,22192,22691,11084
2023-03-23,22073,22600,11050
2023-03-24,21861,22433,10882
2023-03-27,21832,22456,10719
2023-03-28,21712,22384,10635
2023-03-29,22086,22548,10816
2023-03-31,22347,22905,10982
2023-04-03,22424,22956,11069
2023-04-05,22381,23155,11144
2023-04-06,22486,23210,11226
2023-04-10,22563,23252,11246
2023-04-11,22730,23378,11298
2023-04-12,22779,23493,11341
2023-04-13,22837,23506,11376
2023-04-17,22971,23384,11394
2023-04-18,22998,23340,11402
2023-04-19,22956,23266,11402
2023-04-20,23011,23272,11433
2023-04-21,22904,23267,11412
2023-04-24,23070,23412,11466
2023-04-25,23203,23460,11504
2023-04-26,23301,23521,11568
2023-04-27,23386,23646,11624
2023-04-28,23643,23870,11740
2023-05-02,23822,23984,11815
2023-05-03,23802,23920,11831
2023-05-04,23957,24131,11932
2023-05-05,23872,23917,11867
2023-05-08,24048,24156,11954
2023-05-09,23951,24150,11904
2023-05-10,24019,24226,11964
2023-05-11,24109,24230,12050
2023-05-12,24159,24241,12005
2023-05-15,24283,24342,12092
2023-05-16,24304,24257,12097
2023-05-17,24319,24116,12148
2023-05-18,24099,24021,12099
2023-05-19,24154,24123,12095
2023-05-22,24333,24284,12143
2023-05-23,24474,24336,12158
2023-05-24,24398,24269,12165
2023-05-25,24554,24327,12202
2023-05-26,24803,24567,12258
2023-05-29,24968,24697,12293
2023-05-30,25046,24733,12300
2023-05-31,25067,24639,12395
2023-06-01,24996,24596,12498
2023-06-02,25200,24683,12558
2023-06-05,25326,24759,12593
2023-06-06,25511,24778,12661
2023-06-07,25682,24955,12803
2023-06-08,25480,24826,12718
2023-06-09,25520,24747,12710
2023-06-12,25604,24806,12793
2023-06-13,25802,24969,12887
2023-06-14,25849,25019,12924
2023-06-15,25739,24956,12964
2023-06-16,26076,25151,13069
2023-06-19,26002,25068,13110
2023-06-20,26077,25150,13163
2023-06-21,25994,25195,13172
2023-06-22,25757,25054,13075
2023-06-23,25529,24884,12939
2023-06-26,25630,24934,13027
2023-06-27,25730,25093,13100
2023-06-28,25980,25293,13124
2023-06-30,26120,25561,13188
2023-07-03,26147,25727,13306
2023-07-04,25992,25790,13324
2023-07-05,26263,25827,13408
2023-07-06,26380,25959,13522
2023-07-07,26194,25742,13483
2023-07-10,26089,25751,13439
2023-07-11,26425,25879,13566
2023-07-12,26496,25825,13633
2023-07-13,26220,25841,13536
2023-07-14,26330,26045,13715
2023-07-17,26357,26221,13823
2023-07-18,26327,26249,13724
2023-07-19,26574,26362,13825
2023-07-20,26619,26530,13863
2023-07-21,26465,26251,13906
2023-07-24,26588,26168,13940
2023-07-25,26554,26203,13947
2023-07-26,26728,26331,13993
2023-07-27,26812,26206,14013
2023-07-28,27085,26229,14074
2023-07-31,27320,26361,14219
2023-08-01,27134,26335,14249
2023-08-02,26753,26059,14067
2023-08-03,26660,25881,14088
2023-08-04,26727,26067,14177
2023-08-07,26828,26165,14221
2023-08-08,26808,26132,14245
2023-08-09,26951,26223,14326
2023-08-10,26819,26100,14290
2023-08-11,26742,25971,14254
2023-08-14,26706,25935,14166
2023-08-16,26682,25972,14225
2023-08-17,26722,25847,14252
2023-08-18,26640,25776,14212
2023-08-21,26857,25911,14332
2023-08-22,27125,25940,14429
2023-08-23,27332,25990,14532
2023-08-24,27345,25938,14514
2023-08-25,27030,25764,14483
2023-08-28,27190,25831,14582
2023-08-29,27221,25895,14680
2023-08-30,27455,25917,14809
2023-08-31,27269,25779,14964
2023-09-01,27404,26018,15074
2023-09-04,27593,26155,15228
2023-09-05,27723,26217,15324
2023-09-06,27767,26280,15333
2023-09-07,27913,26431,15419
2023-09-08,28341,26563,15514
2023-09-11,28578,26807,15666
2023-09-12,27860,26719,15058
2023-09-13,27943,26816,15206
2023-09-14,28135,26879,15393
2023-09-15,28247,26992,15436
2023-09-18,28299,26921,15362
2023-09-20,28284,26621,15276
2023-09-21,27989,26410,15107
2023-09-22,27991,26328,15111
2023-09-25,28173,26318,15124
2023-09-26,28173,26317,15189
2023-09-27,28523,26383,15299
2023-09-28,28133,26111,15251
2023-09-29,28520,26280,15352
2023-10-03,28559,26166,15449
2023-10-04,27998,26010,15274
2023-10-05,28026,26144,15362
2023-10-06,28288,26290,15460
2023-10-09,28021,26081,15209
2023-10-10,28399,26333,15379
2023-10-11,28515,26494,15485
2023-10-12,28570,26482,15596
2023-10-13,28545,26434,15574
2023-10-16,28634,26419,15623
2023-10-17,28723,26524,15728
2023-10-18,28343,26326,15668
2023-10-19,28354,26262,15691
2023-10-20,27983,26139,15566
2023-10-23,27502,25764,14976
2023-10-25,27308,25573,14880
2023-10-26,26996,25232,14809
2023-10-27,27513,25523,15095
2023-10-30,27444,25637,15106
2023-10-31,27479,25575,15093
2023-11-01,27350,25452,15066
2023-11-02,27827,25680,15228
2023-11-03,28032,25837,15383
2023-11-06,28236,26077,15548
2023-11-07,28435,26102,15639
2023-11-08,28758,26173,15734
2023-11-09,28876,26098,15690
2023-11-10,29010,26140,15757
2023-11-13,29344,26182,15995
2023-11-15,29593,26481,16173
2023-11-16,29656,26603,16244
2023-11-17,29831,26588,16299
2023-11-20,29942,26530,16305
2023-11-21,29907,26632,16338
2023-11-22,29861,26649,16201
2023-11-23,30005,26649,16285
2023-11-24,30019,26640,16314
2023-11-28,30231,26809,16350
2023-11-29,30480,27075,16473
2023-11-30,30824,27162,16649
2023-12-01,31501,27349,16743
2023-12-04,32104,27911,16947
2023-12-05,32249,28169,16972
2023-12-06,32404,28336,17018
2023-12-07,32377,28339,17069
2023-12-08,32428,28381,16924
2023-12-11,32757,28454,17019
2023-12-12,32677,28315,16998
2023-12-13,33374,28371,17107
2023-12-14,33586,28727,17241
2023-12-15,33468,29037,17363
2023-12-18,33694,29024,17436
2023-12-19,33642,29074,17450
2023-12-20,32606,28596,16867
2023-12-21,32951,28778,17153
2023-12-22,33062,28921,17328
2023-12-26,33438,29066,17379
2023-12-27,33562,29333,17431
2023-12-28,33558,29490,17534
2023-12-29,33642,29472,17641
2024-01-01,33744,29494,17752
2024-01-02,33703,29400,17745
2024-01-03,33841,29274,17766
2024-01-04,34231,29493,17949
2024-01-05,34278,29547,18070
2024-01-08,34150,29273,17964
2024-01-09,34254,29333,18030
2024-01-10,34219,29428,18067
2024-01-11,34213,29504,18216
2024-01-12,34292,29796,18284
2024-01-15,34606,30037,18329
2024-01-16,34408,29951,18279
2024-01-17,34090,29366,18088
2024-01-18,34117,29219,18085
2024-01-19,34753,29479,18278
2024-01-23,33817,28928,17863
2024-01-24,34626,29251,18177
2024-01-25,34805,29144,18274
2024-01-29,35600,29648,18511
2024-01-30,35356,29386,18535
2024-01-31,35728,29662,18929
2024-02-01,35478,29646,18955
2024-02-02,35883,29860,19072
2024-02-05,36045,29745,19064
2024-02-06,36359,29999,19243
2024-02-07,36804,30086,19344
2024-02-08,37038,29884,19260
2024-02-09,36570,29947,19017
2024-02-12,35834,29671,18341
2024-02-13,36176,29859,18407
2024-02-14,36710,30037,18644
2024-02-15,37127,30167,18861
2024-02-16,37556,30353,18988
2024-02-19,37410,30457,19078
2024-02-20,37268,30552,19003
2024-02-21,36764,30367,18855
2024-02-22,37259,30606,18970
2024-02-23,37382,30618,19081
2024-02-26,37315,30529,19048
2024-02-27,37293,30602,19097
2024-02-28,36792,30246,18736
2024-02-29,36965,30338,18824
2024-03-01,37580,30791,18945
2024-03-04,38364,30902,18965
2024-03-05,38528,30843,18842
2024-03-06,38495,30962,18471
2024-03-07,38800,31026,18621
2024-03-11,38730,30836,18249
2024-03-12,38145,30763,17873
2024-03-13,36532,30168,16948
2024-03-14,37108,30470,17476
2024-03-15,36466,30297,17513
2024-03-18,36617,30360,17463
2024-03-19,36013,30001,17257
2024-03-20,36016,30046,17276
2024-03-21,36990,30357,17670
2024-03-22,37286,30485,17814
2024-03-26,37625,30442,17822
2024-03-27,37491,30573,17968
2024-03-28,37982,30874,18028
2024-04-01,38505,31125,18571
2024-04-02,38783,31167,18754
2024-04-03,38892,31164,18952
2024-04-04,38844,31258,19070
2024-04-05,38912,31304,19182
2024-04-08,38982,31493,19230
2024-04-09,38720,31450,19239
2024-04-10,39033,31620,19353
2024-04-12,38903,31324,19275
2024-04-15,38432,30936,18979
2024-04-16,38434,30806,19101
2024-04-18,38108,30631,19097
2024-04-19,37939,30792,19074
2024-04-22,38401,31087,19295
2024-04-23,38510,31137,19481
2024-04-24,38855,31206,19636
2024-04-25,39520,31425,19800
2024-04-26,39757,31293,19895
2024-04-29,39805,31578,19907
2024-04-30,40200,31568,19918